SMILES,Label,Arquivo,Probabilidade,Predito,Real,fold,Reclassificado,logP,Ajustado
O=[Si]=O,0,0.png,0.11224655,0.0,0,0,,,0
O.[Cu].[Cu],0,1.png,0.13023512,0.0,0,0,,,0
CC12CCC(CC1)C(C)(C)O2,0,2.png,0.30666503,0.0,0,0,,,0
[Na+].[O-][Cl+2]([O-])[O-],0,3.png,0.04267094,0.0,0,0,,,0
O=C1CC2OCC=C3CN4CCC56c7ccccc7N1C5C2C3CC46,0,4.png,0.16124456,0.0,0,0,,,0
Cl[Cd]Cl,1,5.png,0.13141248,0.0,1,0,,,0
COC(=O)c1ccccc1,0,6.png,0.13865618,0.0,0,0,,,0
CCC(=O)Nc1ccc(Cl)c(Cl)c1,0,7.png,0.09782131,0.0,0,0,,,0
CSSC,0,8.png,0.98317945,1.0,0,0,0.0,"1,6274",0
CC=Cc1ccc(OC)cc1,0,9.png,0.08399455,0.0,0,0,,,0
O=Cc1ccco1,0,10.png,0.08906183,0.0,0,0,,,0
CC1=CCC(=C(C)C)CC1,0,11.png,0.21368833,0.0,0,0,,,0
CCCCCCCCC(=O)O,0,12.png,0.10793196,0.0,0,0,,,0
ClCC(Br)CBr,0,13.png,0.04396489,0.0,0,0,,,0
O=C(O)COc1ccc(Cl)cc1Cl,0,14.png,0.17247191,0.0,0,0,,,0
C=CCc1ccc(OC)c(OC)c1,0,15.png,0.32941076,0.0,0,0,,,0
CN1CCCC1=O,0,16.png,0.14695139,0.0,0,0,,,0
c1ccc2c(c1)CCCC2,1,17.png,0.23325820000000005,0.0,1,0,,,0
Oc1ccccc1-c1ccccc1,0,18.png,0.42344388,0.0,0,0,,,0
O=[N+]([O-])c1ccccc1[O-].[Na+],0,19.png,0.06317805,0.0,0,0,,,0
CCCCCCCCCCCCCCCCCCCCCCCCC,0,20.png,0.1015174,0.0,0,0,,,0
C[As](=O)([O-])O.[Na+],0,21.png,0.4017334,0.0,0,0,,,0
COP(=O)(OC)C(O)C(Cl)(Cl)Cl,1,22.png,0.9936646,1.0,1,0,0.0,"2,1609",0
CCC=CCC1=C(C)CCC1=O,0,23.png,0.104474686,0.0,0,0,,,0
C=CC(C)(O)CCC=C(C)CCC=C(C)C,0,24.png,0.07359627,0.0,0,0,,,0
N#Cc1sc2c(=O)c3ccccc3c(=O)c=2sc1C#N,0,25.png,0.16962057,0.0,0,0,,,0
Clc1ccc(C(c2ccc(Cl)cc2)C(Cl)(Cl)Cl)cc1,1,26.png,0.9638133,1.0,1,0,1.0,"6,4955",1
CCOCN(C(=O)CCl)c1c(C)cccc1CC,0,27.png,0.17465751,0.0,0,0,,,0
O=C1C(Cl)=C(Cl)C(=O)c2ccccc21,0,28.png,0.11206794,0.0,0,0,,,0
COP(=S)(OC)Oc1cc(Cl)c(Cl)cc1Cl,1,29.png,0.96557033,1.0,1,0,1.0,"4,5429",1
CC(C)(C)C(=O)C(Oc1ccc(Cl)cc1)n1cncn1,0,30.png,0.105180465,0.0,0,0,,,0
O.c1ccc([Sn](c2ccccc2)c2ccccc2)cc1,0,31.png,0.27999637,0.0,0,0,,,0
O=C1C2CC=CCC2C(=O)N1SC(Cl)(Cl)Cl,0,32.png,0.08052198,0.0,0,0,,,0
F[Al-3](F)(F)(F)(F)F.[Na+].[Na+].[Na+],0,33.png,0.05210765,0.0,0,0,,,0
C=CC=CCC1=C(C)C(OC(=O)C2C(C=C(C)C(=O)OC)C2(C)C)CC1=O.C=CC=CCC1=C(C)C(OC(=O)C2C(C=C(C)C)C2(C)C)CC1=O,1,34.png,0.99678767,1.0,1,0,1.0,"8,2695",1
O=C(O)c1cc(Oc2ccc(C(F)(F)F)cc2Cl)ccc1[N+](=O)[O-],0,35.png,0.07471082,0.0,0,0,,,0
O.O.O.O.O.O.O.O.O.O.O=BOB([O-])OB([O-])OB=O.[Na+].[Na+],0,36.png,0.08637354,0.0,0,0,,,0
COP(=O)(OC)OC(Br)C(Cl)(Cl)Br,1,37.png,0.9912921999999998,1.0,1,0,1.0,"3,6512",1
Cc1cc(Cl)ccc1OCC(=O)O,0,38.png,0.14183113,0.0,0,0,,,0
CC1CC(C)C(=O)C(C(O)CC2CC(=O)NC(=O)C2)C1,0,39.png,0.10029831,0.0,0,0,,,0
CCC(C)c1cc([N+](=O)[O-])cc([N+](=O)[O-])c1O,0,40.png,0.14477968,0.0,0,0,,,0
Cl[Sn](c1ccccc1)(c1ccccc1)c1ccccc1,0,41.png,0.6269585,1.0,0,0,1.0,"2,8923",1
CCOP(=S)(OCC)Oc1cc(C)nc(C(C)C)n1,1,42.png,0.93194497,1.0,1,0,1.0,"3,5847",1
COP(=S)(OC)Oc1ccc([N+](=O)[O-])c(Cl)c1,1,43.png,0.96896154,1.0,1,0,1.0,"3,1443",1
N#Cc1c(Cl)c(Cl)c(Cl)c(C#N)c1Cl,0,44.png,0.13093574,0.0,0,0,,,0
CCc1ccc(C(c2ccc(CC)cc2)C(Cl)Cl)cc1,1,45.png,0.47551304,0.0,1,0,,,0
CCS(=O)CCSP(=O)(OC)OC,1,46.png,0.9793752,1.0,1,0,0.0,"1,8891",0
CC(C)OC(=O)Nc1cccc(Cl)c1,0,47.png,0.08597467,0.0,0,0,,,0
CCCCCCCCCCCCCCOC(C)=O,0,48.png,0.10178055,0.0,0,0,,,0
CC1(C)C(C=C(Cl)Cl)C1C(=O)OC(C#N)c1cccc(Oc2ccccc2)c1,1,49.png,0.9967474,1.0,1,0,1.0,"6,1780",1
CC(=O)O[Sn](c1ccccc1)(c1ccccc1)c1ccccc1,0,50.png,0.6346258,1.0,0,0,0.0,"2,2166",0
CCOC(=O)C(SP(=S)(OC)OC)c1ccccc1,1,51.png,0.9629425,1.0,1,0,1.0,"3,5413",1
CC(Oc1ccc(Oc2cnc3cc(Cl)ccc3n2)cc1)C(=O)O,0,52.png,0.19870293,0.0,0,0,,,0
CCOP(=S)(OCC)Oc1ccc2c(C)c(Cl)c(=O)oc2c1,1,53.png,0.9491807,1.0,1,0,1.0,"4,4311",1
CCOP(=S)(OCC)SCSCC,1,54.png,0.91465855,1.0,1,0,1.0,"3,7277",1
N#Cc1c(Cl)cccc1Cl,1,55.png,0.17079103,0.0,1,0,,,0
CCNc1nc(NC(C)C)nc(SC)n1,0,56.png,0.08951475,0.0,0,0,,,0
CNC.O=C(O)CCCOc1ccc(Cl)cc1Cl,0,57.png,0.10533233,0.0,0,0,,,0
CNC(=O)C(C)SCCSP(=O)(OC)OC,1,58.png,0.97939813,1.0,1,0,0.0,"1,9882",0
CCc1cccc(CC)c1N(COC)C(=O)CCl,0,59.png,0.12791507,0.0,0,0,,,0
COP(=S)(Oc1cc(Cl)c(Br)cc1Cl)c1ccccc1,1,60.png,0.99151623,1.0,1,0,1.0,"5,4161",1
Nc1nc(N)nc(NC2CC2)n1,0,61.png,0.07189188,0.0,0,0,,,0
CN(C)C(=O)Nc1ccc(Oc2ccc(Cl)cc2)cc1,0,62.png,0.082264766,0.0,0,0,,,0
Cc1cc(OC(=O)N(C)C)n(C(C)C)n1,1,63.png,0.134292,0.0,1,0,,,0
CC1=COC(=O)C2C(C)CCC12,0,64.png,0.091904595,0.0,0,0,,,0
Cc1ccc2nc3sc(=O)sc3nc2c1,0,65.png,0.23404494,0.0,0,0,,,0
C[As](=O)([O-])[O-].[Na+].[Na+],0,66.png,0.06580587,0.0,0,0,,,0
C[As](=O)(O)O,0,67.png,0.26218600000000003,0.0,0,0,,,0
COP(=S)(OC)Oc1ccc(S(=O)(=O)N(C)C)cc1,1,68.png,0.96876603,1.0,1,0,0.0,"1,8330",0
Nc1cc(Cl)cc(C(=O)O)c1Cl,0,69.png,0.14936571,0.0,0,0,,,0
COCCCNc1nc(NC(C)C)nc(SC)n1,0,70.png,0.089840405,0.0,0,0,,,0
CCOP(=S)(CC)Oc1cc(Cl)c(Cl)cc1Cl,1,71.png,0.97355413,1.0,1,0,1.0,"5,3915",1
CCSC(=O)N1CCCCCC1,1,72.png,0.1197988,0.0,1,0,,,0
CCCCOCN(C(=O)CCl)c1c(CC)cccc1CC,0,73.png,0.12490884,0.0,0,0,,,0
CCOP(=O)(NC(C)C)Oc1ccc(SC)c(C)c1,1,74.png,0.96905917,1.0,1,0,1.0,"4,2383",1
CC1=C(C(=O)Nc2ccccc2)SCCO1,0,75.png,0.0781008,0.0,0,0,,,0
CCOP(=S)(CC)Sc1ccccc1,1,76.png,0.9523853,1.0,1,0,1.0,"4,1446",1
O=C(O)Cn1c(=O)sc2cccc(Cl)c21,0,77.png,0.10842152,0.0,0,0,,,0
CCNc1nc(NC(C)(C)C)nc(SC)n1,1,78.png,0.09053972,0.0,1,0,,,0
Cc1[nH]c(=O)n(C(C)(C)C)c(=O)c1Cl,0,79.png,0.07654224,0.0,0,0,,,0
CNC(=O)ON=CC(C)(C)S(C)(=O)=O,0,80.png,0.20219107,0.0,0,0,,,0
CCCCCCCC(=O)Oc1c(Br)cc(C#N)cc1Br,0,81.png,0.115037754,0.0,0,0,,,0
C=CCNC(=O)c1c([Si](C)(C)C)sc(C)c1C,0,82.png,0.30058476,0.0,0,0,,,0
CC1CCCCC1NC(=O)Nc1ccccc1,0,83.png,0.12311622,0.0,0,0,,,0
CCSC(=O)N(CC)C1CCCCC1,1,84.png,0.088802546,0.0,1,0,,,0
CCOP(=S)(OCC)Oc1cc(Cl)c(Br)cc1Cl,1,85.png,0.9329575,1.0,1,0,1.0,"5,4322",1
COP(=O)(OC)Oc1ccc(SC)cc1,1,86.png,0.99401504,1.0,1,0,1.0,"3,1882",1
CCOC(=O)c1cn2nc(OP(=S)(OCC)OCC)cc2nc1C,1,87.png,0.9323376,1.0,1,0,1.0,"2,8907",1
O=C(O)CNCP(=O)(O)O,0,88.png,0.037467353,0.0,0,0,,,0
ClCC1(C(Cl)Cl)C2CC(Cl)(Cl)C1(CCl)C(Cl)C2Cl,1,89.png,0.57144886,1.0,1,0,1.0,"5,6627",1
CCOP(=S)(OCC)Oc1cc(C)nc(N(CC)CC)n1,1,90.png,0.93194497,1.0,1,0,1.0,"3,3075",1
CNC(=O)ON=CC(C)(C)S(C)=O,1,91.png,0.98204505,1.0,1,0,0.0,"0,4853",0
CC1CN(C2CCCCCCCCCCC2)CC(C)O1,0,92.png,0.09275525,0.0,0,0,,,0
CCCN(CCCl)c1c([N+](=O)[O-])cc(C(F)(F)F)cc1[N+](=O)[O-],0,93.png,0.08459535,0.0,0,0,,,0
CCC(C)Nc1c([N+](=O)[O-])cc(C(C)(C)C)cc1[N+](=O)[O-],0,94.png,0.119475916,0.0,0,0,,,0
CCCC=CCCCCCCCOC(C)=O,0,95.png,0.1043519,0.0,0,0,,,0
CNC(=O)ON=C(CSC)C(C)(C)C,1,96.png,0.10343845,0.0,1,0,,,0
COC(C)(C)CCCC(C)CC=CC(C)=CC(=O)OC(C)C,1,97.png,0.16071397,0.0,1,0,,,0
CCOP(=S)(OCC)Oc1cc(-c2ccccc2)on1,1,98.png,0.9329742,1.0,1,0,1.0,"4,0179",1
CC12CCCC(C)(OC1)O2,0,99.png,0.1969873,0.0,0,0,,,0
CCC12OCC(O1)C(C)CC2C,0,100.png,0.09873382,0.0,0,0,,,0
CC1(C)CCCC(=CC=O)C1,0,101.png,0.23537886,0.0,0,0,,,0
N#Cc1nn(-c2c(Cl)cc(C(F)(F)F)cc2Cl)c(N)c1S(=O)C(F)(F)F,1,102.png,0.09502634,0.0,1,0,,,0
Cc1nnc(-c2ccccc2)c(=O)n1N,0,103.png,0.07339053,0.0,0,0,,,0
CC(C1CC1)C(O)(Cn1cncn1)c1ccc(Cl)cc1,0,104.png,0.24486499,0.0,0,0,,,0
CCOc1cc(Oc2ccc(C(F)(F)F)cc2Cl)ccc1[N+](=O)[O-],0,105.png,0.062325,0.0,0,0,,,0
O=C(O)c1nc(Cl)ccc1Cl,0,106.png,0.100280285,0.0,0,0,,,0
CC(C)NC(=O)N1CC(=O)N(c2cc(Cl)cc(Cl)c2)C1=O,0,107.png,0.063066676,0.0,0,0,,,0
CC12CC1(C)C(=O)N(c1cc(Cl)cc(Cl)c1)C2=O,0,108.png,0.088317834,0.0,0,0,,,0
OC(c1ccc(F)cc1)(c1cncnc1)c1ccccc1Cl,0,109.png,0.5903429,1.0,0,0,1.0,"3,5533",1
CC1(C)C(C=C(Br)Br)C1C(=O)OC(C#N)c1cccc(Oc2ccccc2)c1,1,110.png,0.99655706,1.0,1,0,1.0,"6,4902",1
COCCN(C(=O)CCl)c1c(C)cccc1C,0,111.png,0.17284544,0.0,0,0,,,0
CCCSP(=O)(OCC)Oc1ccc(Br)cc1Cl,1,112.png,0.9062599,1.0,1,0,1.0,"5,7691",1
O=C(NC(=O)c1c(F)cccc1F)Nc1ccc(C(F)(F)F)cc1,1,113.png,0.14291441,0.0,1,0,,,0
CCOP(=O)([O-])C(N)=O.[NH4+],0,114.png,0.09390223,0.0,0,0,,,0
CC(C)(C)C(O)C(Oc1ccc(-c2ccccc2)cc1)n1cncn1,0,115.png,0.08335538,0.0,0,0,,,0
COCC(=O)N(c1c(C)cccc1C)C(C)C(=O)OC,0,116.png,0.39951032,0.0,0,0,,,0
CCOP(=O)(O)C(N)=O,0,117.png,0.08780639999999999,0.0,0,0,,,0
CCCCCCCCSC(=O)Oc1cc(Cl)nnc1-c1ccccc1,0,118.png,0.10876359,0.0,0,0,,,0
Cc1ccc(N(SC(F)(Cl)Cl)S(=O)(=O)N(C)C)cc1,0,119.png,0.023683505,0.0,0,0,,,0
CCNC(=O)NC(=O)C(C#N)=NOC,0,120.png,0.07122975599999999,0.0,0,0,,,0
CC(C)(C)C(=O)C(Oc1ccc(Cl)cc1)n1ccnc1,1,121.png,0.10951392,0.0,1,0,,,0
CCCOC(=O)NCCCN(C)C,0,122.png,0.21484499,0.0,0,0,,,0
CCCOC(=O)NCCCN(C)C.Cl,0,123.png,0.21484499,0.0,0,0,,,0
CCN(CC)CC.O=C(O)COc1nc(Cl)c(Cl)cc1Cl,0,124.png,0.12733838,0.0,0,0,,,0
Cc1cccc(C)c1N(C(=O)CCl)C1CCOC1=O,0,125.png,0.17678878,0.0,0,0,,,0
CC(C)=CC1C(C(=O)OC(C#N)c2cccc(Oc3ccccc3)c2)C1(C)C,1,126.png,0.99679816,1.0,1,0,1.0,"5,8252",1
CCOP(=S)(OCC)Oc1ccc(=O)n(-c2ccccc2)n1,1,127.png,0.931564,1.0,1,0,1.0,"2,9088",1
CC(C)OC(=O)c1cc(C(=O)OC(C)C)cc([N+](=O)[O-])c1,0,128.png,0.06423874,0.0,0,0,,,0
CCOC(=O)NCCOc1ccc(Oc2ccccc2)cc1,0,129.png,0.14086191,0.0,0,0,,,0
CCNc1nc(NC(C)C(C)C)nc(SC)n1,0,130.png,0.09060653,0.0,0,0,,,0
COCC(=O)N(c1c(C)cccc1C)N1CCOC1=O,0,131.png,0.18867211,0.0,0,0,,,0
CN(C)C1CSSSC1,0,132.png,0.12241153,0.0,0,0,,,0
CCOc1ccc(C(C)(C)COCc2cccc(Oc3ccccc3)c2)cc1,1,133.png,0.5150717,1.0,1,0,1.0,"6,3720",1
CCCCC(C#N)(Cn1cncn1)c1ccc(Cl)cc1,0,134.png,0.38565412,0.0,0,0,,,0
CCC(C)(CC)c1cc(NC(=O)c2c(OC)cccc2OC)on1,0,135.png,0.13886012,0.0,0,0,,,0
COP(=S)(NC(C)C)Oc1ccccc1C(=O)OC(C)C,1,136.png,0.9821068,1.0,1,0,1.0,"3,4995",1
COc1nc(C)nc(NC(=O)NS(=O)(=O)c2ccccc2OCCCl)n1,0,137.png,0.09373146,0.0,0,0,,,0
CCc1cnc(C2=NC(C)(C(C)C)C(=O)N2)c(C(=O)O)c1,0,138.png,0.11975141,0.0,0,0,,,0
Nc1c([N+](=O)[O-])ccc(Oc2ccccc2)c1Cl,0,139.png,0.09411481,0.0,0,0,,,0
CCCCN(CCC(=O)OCC)C(C)=O,0,140.png,0.29183292,0.0,0,0,,,0
CCOC(=O)c1cnn(C)c1S(=O)(=O)NC(=O)Nc1nc(OC)cc(OC)n1,0,141.png,0.030104812,0.0,0,0,,,0
COc1cc(OC)nc(NC(=O)NS(=O)(=O)Cc2ccccc2C(=O)O)n1,0,142.png,0.03446352,0.0,0,0,,,0
CCC(Nc1ncnc(C)c1Cl)c1ccc(OC(F)F)cc1,1,143.png,0.11593598,0.0,1,0,,,0
CCCCC(O)(Cn1cncn1)c1ccc(Cl)cc1Cl,0,144.png,0.08378239999999999,0.0,0,0,,,0
COc1cc(OC)nc(NC(=O)NS(=O)(=O)c2ncccc2C(F)(F)F)n1,0,145.png,0.08066585,0.0,0,0,,,0
CC1(C)CCC(=Cc2ccc(Cl)cc2)C1(O)Cn1cncn1,0,146.png,0.3974366,0.0,0,0,,,0
CCC(=O)C1C(=O)CC(C(=O)O)CC1=O,0,147.png,0.11475863,0.0,0,0,,,0
COc1ccc(C(=CC(=O)N2CCOCC2)c2ccc(Cl)cc2)cc1OC,0,148.png,0.3101639,0.0,0,0,,,0
C#CCN1C(=O)COc2cc(F)c(N3C(=O)C4=C(CCCC4)C3=O)cc21,0,149.png,0.049928024,0.0,0,0,,,0
COCCOc1ccccc1S(=O)(=O)NC(=O)Nc1nc(OC)nc(OC)n1,0,150.png,0.087844916,0.0,0,0,,,0
CC1COC(Cn2cncn2)(c2ccc(Oc3ccc(Cl)cc3)cc2Cl)O1,0,151.png,0.3842189,0.0,0,0,,,0
CCc1ccc(C(=O)NN(C(=O)c2cc(C)cc(C)c2)C(C)(C)C)cc1,0,152.png,0.100441255,0.0,0,0,,,0
O=[N+]([O-])NC1=NCCN1Cc1ccc(Cl)nc1,1,153.png,0.25533107,0.0,1,0,,,0
CCCCCCC(C)OC(=O)COc1nc(F)c(Cl)c(N)c1Cl,0,154.png,0.09359613,0.0,0,0,,,0
CC(Oc1ccc(Oc2cnc3cc(Cl)ccc3n2)cc1)C(=O)OCC1CCCO1,0,155.png,0.19995591,0.0,0,0,,,0
CCS(=O)(=O)c1nc2ccccn2c1S(=O)(=O)NC(=O)Nc1nc(OC)cc(OC)n1,0,156.png,0.21549197,0.0,0,0,,,0
CC(C)(C)c1ccc(CCOc2ncnc3ccccc23)cc1,1,157.png,0.18496259,0.0,1,0,,,0
Cc1nn(-c2cc(NS(C)(=O)=O)c(Cl)cc2Cl)c(=O)n1C(F)F,0,158.png,0.06890900400000001,0.0,0,0,,,0
CC1COc2ccccc2N1C(=O)C(Cl)Cl,0,159.png,0.0946717,0.0,0,0,,,0
CCOP(=O)(SC(C)CC)SC(C)CC,1,160.png,0.8984478000000001,1.0,1,0,1.0,"5,1944",1
COC(=O)c1cccc(C)c1S(=O)(=O)NC(=O)Nc1nc(OCC(F)(F)F)nc(N(C)C)n1,0,161.png,0.037257392,0.0,0,0,,,0
COc1cc(OC)n2nc(S(=O)(=O)Nc3c(Cl)ccc(C)c3Cl)nc2n1,0,162.png,0.074169755,0.0,0,0,,,0
CC#Cc1cc(C)nc(Nc2ccccc2)n1,0,163.png,0.11258173,0.0,0,0,,,0
CCOC(=O)CCN(Cc1ccccc1)SN(C)C(=O)ON=C(C)SC,1,164.png,0.98377496,1.0,1,0,1.0,"3,7698",1
CCCN(CC)CC1COC2(CCC(C(C)(C)C)CC2)O1,1,165.png,0.09140548,0.0,1,0,,,0
CCOc1cc(C(C)(C)C)ccc1C1COC(c2c(F)cccc2F)=N1,0,166.png,0.13826458,0.0,0,0,,,0
CC(C)c1nn(C(=O)NC(C)(C)C)c(=O)n1N,0,167.png,0.05126197,0.0,0,0,,,0
Cc1[nH]n(C)c(=O)c1C(=O)c1ccc(C(F)(F)F)cc1S(C)(=O)=O,0,168.png,0.11386998,0.0,0,0,,,0
C#CCOc1ccc(CCNC(=O)C(OCC#C)c2ccc(Cl)cc2)cc1OC,0,169.png,0.36496967,0.0,0,0,,,0
CC1(C)CCC(Cc2ccc(Cl)cc2)C1(O)Cn1cncn1,0,170.png,0.18275572,0.0,0,0,,,0
CC(C)C(Nc1ccc(C(F)(F)F)cc1Cl)C(=O)OC(C#N)c1cccc(Oc2ccccc2)c1,0,171.png,0.077065,0.0,0,0,,,0
Cc1cc(C)cc(C(=O)N(NC(=O)c2ccc3c(c2C)CCCO3)C(C)(C)C)c1,0,172.png,0.17255487,0.0,0,0,,,0
COc1ccc(-c2ccccc2)cc1NNC(=O)OC(C)C,1,173.png,0.16376345,0.0,1,0,,,0
CON=C(C)c1cccc(Oc2nc(OC)cc(OC)n2)c1C(=O)OC,0,174.png,0.13150443,0.0,0,0,,,0
COc1nn(C(=O)NS(=O)(=O)c2ccccc2OC(F)(F)F)c(=O)n1C,0,175.png,0.054855417,0.0,0,0,,,0
O=[N+]([O-])Nc1nccn1Cc1ccc(Cl)nc1,1,176.png,0.15216742,0.0,1,0,,,0
CCOC(=O)COc1cc(-n2ncc(C(F)(F)F)c(C)c2=O)c(F)cc1Cl,0,177.png,0.10410243,0.0,0,0,,,0
CCC(Oc1ccc(F)c(C(F)(F)F)c1)C(=O)NCc1ccccc1,0,178.png,0.25522327,0.0,0,0,,,0
C=CCOC(=O)C(C)(C)OC(=O)c1cc(-n2c(=O)cc(C(F)(F)F)n(C)c2=O)ccc1Cl,0,179.png,0.09133776,0.0,0,0,,,0
CCC(NOCC=CCl)=C1C(=O)CC(C2CCOCC2)CC1=O,0,180.png,0.05702462,0.0,0,0,,,0
Cc1cc(C)nc(NC(=O)NS(=O)(=O)c2ccccc2C(=O)OC2COC2)n1,0,181.png,0.11028503,0.0,0,0,,,0
CC(=O)Nc1cc(NS(=O)(=O)C(F)(F)F)c(C)cc1C.OCCNCCO,0,182.png,0.022621144,0.0,0,0,,,0
CC(C)=CC1C(C(=O)OCc2cccc(Oc3ccccc3)c2)C1(C)C,1,183.png,0.9968088,1.0,1,0,1.0,"5,7605",1
CCCN(CCOc1c(Cl)cc(Cl)cc1Cl)C(=O)n1ccnc1.CCCN(CCOc1c(Cl)cc(Cl)cc1Cl)C(=O)n1ccnc1.Cl[Mn]Cl,0,184.png,0.14273398,0.0,0,0,,,0
CCCCc1c(C)[nH]c(NCC)nc1=O,1,185.png,0.075614505,0.0,1,0,,,0
CON(C)C(=O)Nc1ccc(Oc2ccc3c(c2)OC(C)(OC)CC3(C)C)cc1,0,186.png,0.10850261,0.0,0,0,,,0
CCONC(CC)=C1C(=O)CC(c2c(C)cc(C)cc2C)CC1=O,0,187.png,0.05144117,0.0,0,0,,,0
Clc1ccc(CSC(Cn2cncn2)=Nc2ccc(Cl)cc2Cl)cc1,0,188.png,0.19058888,0.0,0,0,,,0
CC(Oc1ccc(Oc2nc3ccc(Cl)cc3o2)cc1)C(=O)N(C)c1ccccc1F,0,189.png,0.18365338,0.0,0,0,,,0
N#Cc1cc(I)c([O-])c(I)c1.[Li+],1,190.png,0.13111055,0.0,1,0,,,0
CCOC(=O)OC1=C(c2cc(C)ccc2C)C(=O)NC12CCC(OC)CC2,0,191.png,0.061515618,0.0,0,0,,,0
O=C(O)CNCP(=O)([O-])O.[K+],0,192.png,0.041655548,0.0,0,0,,,0
c1ccc(-c2noc(-c3cccs3)n2)cc1,1,193.png,0.11261878,0.0,1,0,,,0
CCC(C)C1OC2(C=CC1C)CC1CC(CC=C(C)C(OC3CC(OC)C(OC4CC(OC)C(NC)C(C)O4)C(C)O3)C(C)C=CC=C3COC4C(O)C(C)=CC(C(=O)O1)C34O)O2.O=C(O)c1ccccc1,1,194.png,0.9540957,1.0,1,0,1.0,"6,9893",1
CN(C)C1C(=O)C(C(N)=O)=C(O)C2(O)C(=O)C3=C(O)c4c(O)cccc4C(C)(O)C3C(O)C12.Cl,0,195.png,0.119804956,0.0,0,0,,,0
CCCCC=NN(Cc1ccc(Cl)nc1)C(N)=N[N+](=O)[O-],0,196.png,0.17321509,0.0,0,0,,,0
CC(=O)N1C(=O)N(NCc2cccnc2)Cc2cc(C(F)(C(F)(F)F)C(F)(F)F)ccc21,1,197.png,0.08855511,0.0,1,0,,,0
COc1cc(OC)nc(NC(=O)[N-]S(=O)(=O)c2ncccc2OCC(F)(F)F)n1.[Na+],0,198.png,0.033923283,0.0,0,0,,,0
COCCOCc1nc(C(F)(F)F)ccc1C(O)=C1C(=O)C2CCC(C2)C1=O,0,199.png,0.08390853,0.0,0,0,,,0
CCCC(=O)c1c(C)cc(C)c(C2CC(=O)C(=C(CC)NOCC)C(=O)C2)c1C,0,200.png,0.23744531,0.0,0,0,,,0
Cc1cc(OC(C)C)ccc1C(=O)C(C)(C)NC(=O)c1sccc1C,0,201.png,0.20529027,0.0,0,0,,,0
COc1nc(OC)nc(C(=O)c2cccc(F)c2N(C)S(=O)(=O)C(F)F)n1,0,202.png,0.09921295,0.0,0,0,,,0
COCc1c(F)c(F)c(COC(=O)C2C(C=C(C)C#N)C2(C)C)c(F)c1F,1,203.png,0.9967679,1.0,1,0,1.0,"4,1747",1
CON(C(=O)c1cn(C)nc1C(F)F)C(C)Cc1c(Cl)cc(Cl)cc1Cl,0,204.png,0.13802047,0.0,0,0,,,0
COC(=O)CCNC(=O)C(C)Sc1cc(-n2c(=O)cc(C(F)(F)F)n(C)c2=O)c(F)cc1Cl,1,205.png,0.09447403,0.0,1,0,,,0
COc1c(Cl)ccc(-c2nc(C(=O)OCc3ccccc3)c(Cl)c(N)c2F)c1F,0,206.png,0.15090717,0.0,0,0,,,0
CNC.O=C(O)CNCP(=O)(O)O,0,207.png,0.037467353,0.0,0,0,,,0
COP(=S)(OC)SCN1C(=O)c2ccccc2C1=O,1,0.png,0.940056,1.0,1,1,0.0,"2,4906",0
C=C(C)C1CC=C(C)CC1,0,1.png,0.07774975,0.0,0,1,,,0
CN1CCCC1c1cccnc1,0,2.png,0.23360424,0.0,0,1,,,0
O=S(=O)([O-])[O-].[Cu+2],0,3.png,0.06356101,0.0,0,1,,,0
COP(=O)(OC)OC=C(Cl)Cl,1,4.png,0.95975083,1.0,1,1,1.0,"2,6804",1
CCOP(=S)(NC(C)C)Oc1ccccc1C(=O)OC(C)C,1,5.png,0.9556308,1.0,1,1,1.0,"3,8896",1
O=S(=O)([O-])[O-].[Zn+2],0,6.png,0.06241522,0.0,0,1,,,0
COC(=O)C=C(C)OP(=O)(OC)OC,1,7.png,0.96238106,1.0,1,1,0.0,"1,4807",0
Oc1c(Cl)c(Cl)c(Cl)c(Cl)c1Cl,0,8.png,0.06380895,0.0,0,1,,,0
Oc1ccc(O)cc1,0,9.png,0.085672006,0.0,0,1,,,0
[Cu+2].[OH-].[OH-],0,10.png,0.06300109999999999,0.0,0,1,,,0
O=C([O-])O.[K+],0,11.png,0.06444366,0.0,0,1,,,0
Cc1ccc(C(C)C)c(O)c1,0,12.png,0.53869635,1.0,0,1,1.0,"2,8240",1
CC[Hg]Cl,0,13.png,0.06303696,0.0,0,1,,,0
O=P([O-])([O-])OP(=O)([O-])[O-].O=P([O-])([O-])OP(=O)([O-])[O-].O=P([O-])([O-])OP(=O)([O-])[O-].[Fe+3].[Fe+3].[Fe+3].[Fe+3],0,14.png,0.9568958,1.0,0,1,0.0,"-10,0288",0
O=S(=O)([O-])[O-].O=S(=O)([O-])[O-].O=S(=O)([O-])[O-].[Cr+3].[Cr+3],0,15.png,0.06142426700000001,0.0,0,1,,,0
O=N[O-].[Na+],0,16.png,0.06290024,0.0,0,1,,,0
O=C([O-])C(Cl)(Cl)Cl.[Na+],0,17.png,0.077760994,0.0,0,1,,,0
O=[As]([O-])([O-])[O-].O=[As]([O-])([O-])[O-].[Ca+2].[Ca+2].[Ca+2],1,18.png,0.24857554,0.0,1,1,,,0
CCOP(=O)(OCC)OP(=O)(OCC)OCC,1,19.png,0.75292903,1.0,1,1,1.0,"3,3652",1
O=[N+]([O-])c1ccc(Oc2ccc(Cl)cc2Cl)cc1,0,20.png,0.087270506,0.0,0,1,,,0
O=CNC(N1CCN(C(NC=O)C(Cl)(Cl)Cl)CC1)C(Cl)(Cl)Cl,0,21.png,0.7257515,1.0,0,1,0.0,"1,4886",0
CC1(C)C(C=C(Cl)C(F)(F)F)C1C(=O)OC(C#N)c1cccc(Oc2ccccc2)c1,1,22.png,0.9867439,1.0,1,1,1.0,"6,5440",1
CCCSC(=O)N(CCC)CCC,1,23.png,0.5092143,1.0,1,1,1.0,"3,3716",1
CCSC(=O)N(CC(C)C)CC(C)C,0,24.png,0.46499616,0.0,0,1,,,0
CCOP(=S)(OCC)SCn1nnc2ccccc2c1=O,1,25.png,0.8330107,1.0,1,1,1.0,"2,7797",1
Nc1ccc([As](=O)(O)O)cc1,0,26.png,0.08602765,0.0,0,1,,,0
O=C(O)Cc1cccc2ccccc12,0,27.png,0.06959107,0.0,0,1,,,0
OC(c1ccc(Cl)cc1)(c1ccc(Cl)cc1)C(Cl)(Cl)Cl,1,28.png,0.090197295,0.0,1,1,,,0
CC1=CC(=O)C2CC1C2(C)C,0,29.png,0.12355147,0.0,0,1,,,0
O=[N+]([O-])[O-].O=[N+]([O-])[O-].O=[N+]([O-])[O-].[Cr+3],0,30.png,0.94665813,1.0,0,1,0.0,"-0,7198",0
C=CCSCC=C,0,31.png,0.06290758,0.0,0,1,,,0
O=c1[nH]c2c(c(=O)n1C1CCCCC1)CCC2,0,32.png,0.06173777,0.0,0,1,,,0
CCSCCSP(=S)(OC)OC,1,33.png,0.94395894,1.0,1,1,1.0,"2,9900",1
[Ca+2].[Cl-].[Cl-],0,34.png,0.06292518,0.0,0,1,,,0
COC(=O)c1ccccc1S(=O)(=O)NC(=O)N(C)c1nc(C)nc(OC)n1,1,35.png,0.07539918,0.0,1,1,,,0
CNC1C(OC2C(OC3C(O)C(O)C(N=C(N)N)C(O)C3N=C(N)N)OC(C)C2(O)C=O)OC(CO)C(O)C1O.CNC1C(OC2C(OC3C(O)C(O)C(N=C(N)N)C(O)C3N=C(N)N)OC(C)C2(O)C=O)OC(CO)C(O)C1O.O=S(=O)(O)O.O=S(=O)(O)O.O=S(=O)(O)O,0,36.png,0.12746266,0.0,0,1,,,0
COC(=O)c1ccccc1S(=O)(=O)NC(=O)Nc1nc(C)nc(OC)n1,0,37.png,0.08274783,0.0,0,1,,,0
COP(=S)(OC)Oc1ccc([N+](=O)[O-])c(C)c1,1,38.png,0.94638526,1.0,1,1,1.0,"2,7993",1
O=C1C(Cl)C(CCl)CN1c1cccc(C(F)(F)F)c1,0,39.png,0.083908305,0.0,0,1,,,0
ClC1=C(Cl)C2(Cl)C3C(Cl)C(Cl)CC3C1(Cl)C2(Cl)Cl,1,40.png,0.95994633,1.0,1,1,1.0,"5,6828",1
COc1c(-c2ccccc2)oc2c(ccc3occc32)c1=O,0,41.png,0.067018434,0.0,0,1,,,0
CC1CCC2(O)C3(C)CC4(O)OC2(C1O)C1(O)C3(O)C(OC(=O)c2ccc[nH]2)C(O)(C(C)C)C41C,0,42.png,0.7555960999999999,1.0,0,1,0.0,"-0,1876",0
Nc1c(Cl)cc([N+](=O)[O-])cc1Cl,0,43.png,0.067287005,0.0,0,1,,,0
COc1cc(OC)nc(NC(=O)NS(=O)(=O)Nc2ccccc2C(=O)C2CC2)n1,0,44.png,0.08592100400000001,0.0,0,1,,,0
Cc1cc(Cl)ccc1OCC(=O)[O-].[Na+],0,45.png,0.06992262,0.0,0,1,,,0
OCC1OC(OC2C(O)C(CO)OC(OC3C(O)C(O)OC(CO)C3O)C2O)C(O)C(O)C1O,0,46.png,0.05392005,0.0,0,1,,,0
COP(=O)(OC)Oc1ccc([N+](=O)[O-])cc1,1,47.png,0.95511514,1.0,1,1,0.0,"2,3745",0
CN(C)C(=O)Nc1ccc(Cl)cc1,0,48.png,0.088262305,0.0,0,1,,,0
CCCSP(=O)(OCC)SCCC,1,49.png,0.8582327,1.0,1,1,1.0,"4,4174",1
C=C1CC23CC1(O)CCC2C12C=CC(O)C(C)(C(=O)O1)C2C3C(=O)O,0,50.png,0.7556963000000001,1.0,0,1,0.0,"1,0271",0
O=C(O)c1ccccc1C(=O)Nc1cccc2ccccc12,0,51.png,0.07260501400000001,0.0,0,1,,,0
CCNc1nc(Cl)nc(NCC)n1,0,52.png,0.065144494,0.0,0,1,,,0
CCSCCSP(=O)(OC)OC,1,53.png,0.95948964,1.0,1,1,1.0,"2,8736",1
CNC.O=C(O)COc1ccc(Cl)cc1Cl,0,54.png,0.067085885,0.0,0,1,,,0
O=C(O)COc1nc(Cl)c(Cl)cc1Cl,0,55.png,0.06382576,0.0,0,1,,,0
CCOP(=S)(OCC)SCSc1ccc(Cl)cc1,1,56.png,0.8689213,1.0,1,1,1.0,"5,4203",1
C[N+](C)(C)CCCl.[Cl-],0,57.png,0.06363001,0.0,0,1,,,0
CC(Oc1ccc(Cl)cc1Cl)C(=O)O,0,58.png,0.06721289999999999,0.0,0,1,,,0
O=C1C2(Cl)C3(Cl)C4(Cl)C(Cl)(Cl)C5(Cl)C3(Cl)C1(Cl)C5(Cl)C24Cl,1,59.png,0.91638887,1.0,1,1,1.0,"4,6182",1
c1cc[n+]2c(c1)-c1cccc[n+]1CC2,0,60.png,0.07078531,0.0,0,1,,,0
CN(C)c1ccc(N=NS(=O)(=O)[O-])cc1.[Na+],0,61.png,0.07878233,0.0,0,1,,,0
CCC(C)OC(=O)C1CCC(Cl)CC1C,0,62.png,0.07179003,0.0,0,1,,,0
CCCN(CCC)c1c([N+](=O)[O-])cc(C(F)(F)F)cc1[N+](=O)[O-],0,63.png,0.06926608,0.0,0,1,,,0
COP(=O)(OC)OC(C)=CC(=O)N(C)C,1,64.png,0.9623812,1.0,1,1,0.0,"1,3959",0
CON(C)C(=O)Nc1ccc(Cl)cc1,0,65.png,0.09563798,0.0,0,1,,,0
Nc1c(Cl)c(Cl)nc(C(=O)O)c1Cl,0,66.png,0.06472434,0.0,0,1,,,0
N#Cc1cc(I)c(O)c(I)c1,1,67.png,0.0653546,0.0,1,1,,,0
CNC(=O)ON=CC(C)(C)SC,1,68.png,0.6209563,1.0,1,1,0.0,"1,4698",0
COC(=O)C=C(CC(=O)OC)OP(=O)(OC)OC,1,69.png,0.9616402,1.0,1,1,0.0,"1,0239",0
NC(=S)c1c(Cl)cccc1Cl,0,70.png,0.06560992,0.0,0,1,,,0
NC1=C(Cl)C(=O)c2ccccc2C1=O,0,71.png,0.06583038,0.0,0,1,,,0
CNC(=O)ON=C(SC)C(=O)N(C)C,1,72.png,0.6153484,1.0,1,1,0.0,"0,1071",0
CNC(=O)/C=C(\C)OP(=O)(OC)OC,1,73.png,0.96238106,1.0,1,1,0.0,"1,0537",0
CC(C)=CC1C(C(=O)OCN2C(=O)C3=C(CCCC3)C2=O)C1(C)C,1,74.png,0.9863356,1.0,1,1,1.0,"2,9649",1
CON(C)C(=O)Nc1ccc(Br)cc1,0,75.png,0.092144154,0.0,0,1,,,0
COP(=O)(OC)OC(=CCl)c1cc(Cl)c(Cl)cc1Cl,1,76.png,0.96651924,1.0,1,1,1.0,"5,6015",1
CCC=CCC1=C(C)C(OC(=O)C2C(C=C(C)C)C2(C)C)CC1=O,1,77.png,0.98630273,1.0,1,1,1.0,"4,7822",1
COC(=O)C(C)Oc1ccc(Oc2ccc(Cl)cc2Cl)cc1,0,78.png,0.09256236,0.0,0,1,,,0
COC(=O)Nc1nc2ccccc2[nH]1,0,79.png,0.07006568,0.0,0,1,,,0
CNC(=O)Oc1cccc2sccc12,1,80.png,0.9569868,1.0,1,1,1.0,"2,6195",1
COC(=O)c1nc(Cl)c(Cl)c(N)c1Cl,0,81.png,0.06395532,0.0,0,1,,,0
Clc1nc(Cl)nc(Nc2ccccc2Cl)n1,0,82.png,0.06696307,0.0,0,1,,,0
OCC1=CC(NC2CC(CO)C(OC3OC(CO)C(O)C(O)C3O)C(O)C2O)C(O)C(O)C1O,1,83.png,0.05733658,0.0,1,1,,,0
COc1ccc(NC(=O)N(C)C)cc1Cl,0,84.png,0.07368646,0.0,0,1,,,0
CC(C)N1C(=O)c2ccccc2NS1(=O)=O,0,85.png,0.0680952,0.0,0,1,,,0
C#CC(C)(C)NC(=O)c1cc(Cl)cc(Cl)c1,0,86.png,0.08273205,0.0,0,1,,,0
CNC(=O)Oc1cccc2c1OC(C)(C)O2,1,87.png,0.95773506,1.0,1,1,0.0,"1,9121",0
CCN(CC)C(=O)C(C)Oc1cccc2ccccc12,0,88.png,0.08538635,0.0,0,1,,,0
ClC(=NNc1c(Cl)cc(Cl)cc1Cl)c1ccccc1,1,89.png,0.06942519999999999,0.0,1,1,,,0
CC1=CC(=O)CCC1,0,90.png,0.07193635400000001,0.0,0,1,,,0
CCOC(=O)C=C(C)C=CCC(C)CCCC(C)C,1,91.png,0.09033646,0.0,1,1,,,0
CCSc1nc(NC(C)C)nc(NC(C)C)n1,0,92.png,0.081111476,0.0,0,1,,,0
CNc1cnn(-c2cccc(C(F)(F)F)c2)c(=O)c1Cl,0,93.png,0.07128298,0.0,0,1,,,0
CCC=CCC1C(=O)CCC1CC(=O)O,0,94.png,0.06706417,0.0,0,1,,,0
CC=CCC1=C(C)C(OC(=O)C2C(C=C(C)C(=O)OC)C2(C)C)CC1=O,1,95.png,0.98701894,1.0,1,1,1.0,"3,5452",1
CC=CCC1=C(C)C(OC(=O)C2C(C=C(C)C)C2(C)C)CC1=O,1,96.png,0.98630273,1.0,1,1,1.0,"4,3921",1
OC(c1ccc(Cl)cc1)(c1cncnc1)c1ccccc1Cl,1,97.png,0.08545133,0.0,1,1,,,0
O=C(NCCc1ncc(C(F)(F)F)cc1Cl)c1ccccc1C(F)(F)F,0,98.png,0.07168711,0.0,0,1,,,0
Cc1cc(=O)[nH]o1,0,99.png,0.07795193,0.0,0,1,,,0
CC1(C)OCC2OC3(C(=O)[O-])OC(C)(C)OC3C2O1.[Na+],0,100.png,0.09394202,0.0,0,1,,,0
OC(Cn1cncn1)(c1ccc(F)cc1)c1ccccc1F,1,101.png,0.08128603,0.0,1,1,,,0
COc1ccc(Oc2ccc(NC(=O)N(C)C)cc2)cc1,0,102.png,0.31017584,0.0,0,1,,,0
CCCCC=CCCCCOC(C)=O,0,103.png,0.06605203400000001,0.0,0,1,,,0
Cc1cccc2sc3nncn3c12,0,104.png,0.06576993,0.0,0,1,,,0
C[N+]1(C)CCCCC1.[Cl-],0,105.png,0.06319074,0.0,0,1,,,0
CSC(C)=NOC(=O)N(C)SN(C)C(=O)ON=C(C)SC,1,106.png,0.9114016,1.0,1,1,1.0,"3,0792",1
CCOP(=O)(N=C1SCC(C)S1)OCC,1,107.png,0.93329287,1.0,1,1,1.0,"3,3920",1
CC(C)(C)C(O)C(Cc1ccc(Cl)cc1Cl)n1cncn1.CC(C)(C)C(O)C(Cc1ccc(Cl)cc1Cl)n1cncn1,1,108.png,0.9277121,1.0,1,1,1.0,"7,5514",1
CCCCOC(=O)C(C)Oc1ccc(Oc2ccc(C(F)(F)F)cn2)cc1,0,109.png,0.1058928,0.0,0,1,,,0
CN(C)C(=O)Nc1ccc(-n2nc(C(C)(C)C)oc2=O)c(Cl)c1,0,110.png,0.07559429,0.0,0,1,,,0
CC1(C)C(C=C(Cl)c2ccc(Cl)cc2)C1C(=O)OC(C#N)c1ccc(F)c(Oc2ccccc2)c1,1,111.png,0.98674184,1.0,1,1,1.0,"7,9314",1
COC(=O)c1ccccc1S(=O)(=O)NC(=O)Nc1nc(C)cc(C)n1,0,112.png,0.07956447,0.0,0,1,,,0
COC(=O)C(C)N(C(=O)Cc1ccccc1)c1c(C)cccc1C,0,113.png,0.08605144,0.0,0,1,,,0
NCCOC=CC(N)C(=O)O,0,114.png,0.096161954,0.0,0,1,,,0
CCOC(=O)C(C)Oc1ccc(Oc2cnc3cc(Cl)ccc3n2)cc1,1,115.png,0.09088037,0.0,1,1,,,0
CS(=O)(=O)NC(=O)c1cc(Oc2ccc(C(F)(F)F)cc2Cl)ccc1[N+](=O)[O-],0,116.png,0.10883043,0.0,0,1,,,0
CCOC1Oc2ccc(OS(C)(=O)=O)cc2C1(C)C,0,117.png,0.6719691,1.0,0,1,0.0,"2,0576",0
CC1(C)C(C=C(Cl)Cl)C1C(=O)OC(C#N)c1ccc(F)c(Oc2ccccc2)c1,1,118.png,0.9866711,1.0,1,1,1.0,"6,3171",1
CC(COc1ccc(Oc2ccccc2)cc1)Oc1ccccn1,0,119.png,0.32236162,0.0,0,1,,,0
O=C(NC(=O)c1c(F)cccc1F)Nc1cc(Cl)c(Oc2ncc(C(F)(F)F)cc2Cl)c(Cl)c1,0,120.png,0.08064107599999999,0.0,0,1,,,0
O=C(NC(=O)c1c(F)cccc1F)Nc1cc(Cl)c(OC(F)(F)C(F)F)c(Cl)c1,0,121.png,0.09307067,0.0,0,1,,,0
O=C1CCc2cccc3c2N1CC3,0,122.png,0.0692227,0.0,0,1,,,0
CC(C)C(O)(c1ccc(OC(F)(F)F)cc1)c1cncnc1,0,123.png,0.6649046999999999,1.0,0,1,1.0,"3,2671",1
Cc1ccccc1COC1CC2(C(C)C)CCC1(C)O2,0,124.png,0.07943769,0.0,0,1,,,0
CCOC(=O)C(C)OC(=O)c1cc(Oc2ccc(C(F)(F)F)cc2Cl)ccc1[N+](=O)[O-],0,125.png,0.07562379,0.0,0,1,,,0
O=C(NC(=O)c1c(F)cccc1F)Nc1ccc(Oc2ccc(C(F)(F)F)cc2Cl)cc1F,0,126.png,0.083533905,0.0,0,1,,,0
CCOC(=O)CCN(SN(C)C(=O)Oc1cccc2c1OC(C)(C)C2)C(C)C,1,127.png,0.9086957,1.0,1,1,1.0,"4,0575",1
CC1(C)CON(Cc2ccccc2Cl)C1=O,0,128.png,0.08526983,0.0,0,1,,,0
C[Si](Cn1cncn1)(c1ccc(F)cc1)c1ccc(F)cc1,0,129.png,0.09976382,0.0,0,1,,,0
CCNS(=O)(=O)C(F)(F)C(F)(F)C(F)(F)C(F)(F)C(F)(F)C(F)(F)C(F)(F)C(F)(F)F,1,130.png,0.93215257,1.0,1,1,1.0,"4,8926",1
CNC1=C(c2cccc(C(F)(F)F)c2)C(=O)C(c2ccccc2)O1,0,131.png,0.10998237,0.0,0,1,,,0
Cc1cnc2c(C(=O)O)c(Cl)ccc2c1,0,132.png,0.06670415,0.0,0,1,,,0
C=CCCCOC(=O)C(CC)N(Cc1ccco1)C(=O)n1ccnc1,0,133.png,0.09554975,0.0,0,1,,,0
COC(=O)c1ccccc1CS(=O)(=O)NC(=O)Nc1nc(OC)cc(OC)n1,0,134.png,0.09150351,0.0,0,1,,,0
COC(=O)c1ccccc1S(=O)(=O)NC(=O)Nc1nc(OC(F)F)cc(OC(F)F)n1,0,135.png,0.08653137,0.0,0,1,,,0
CCCOCCN(C(=O)CCl)c1c(CC)cccc1CC,0,136.png,0.06873216,0.0,0,1,,,0
COC(=O)c1cc(C)ccc1C1=NC(C)(C(C)C)C(=O)N1.COC(=O)c1ccc(C)cc1C1=NC(C)(C(C)C)C(=O)N1,0,137.png,0.2770073,0.0,0,1,,,0
CCc1nn(C)c(C(=O)NCc2ccc(C(C)(C)C)cc2)c1Cl,1,138.png,0.12532918,0.0,1,1,,,0
CCSC(C)CC1CC(=O)C(=C(CC)NOCC=CCl)C(=O)C1,0,139.png,0.06803249,0.0,0,1,,,0
CCOC(=O)CN(C(=O)CCl)c1c(CC)cccc1CC,0,140.png,0.07265547,0.0,0,1,,,0
O=[N+]([O-])c1cc(C(F)(F)F)c(Cl)c([N+](=O)[O-])c1Nc1ncc(C(F)(F)F)cc1Cl,0,141.png,0.07152537,0.0,0,1,,,0
O=C(O)COC(=O)c1cc(Oc2ccc(C(F)(F)F)cc2Cl)ccc1[N+](=O)[O-],0,142.png,0.07554029,0.0,0,1,,,0
O=C(Oc1ccccc1)n1c(C(F)(F)F)nc2cc(Cl)c(Cl)cc21,0,143.png,0.08027182,0.0,0,1,,,0
Cc1cnc(C2=NC(C)(C(C)C)C(=O)N2)c(C(=O)O)c1,0,144.png,0.12356478,0.0,0,1,,,0
N#Cc1c[nH]cc1-c1cccc(Cl)c1Cl,1,145.png,0.06586845,0.0,1,1,,,0
CS(=O)(=O)c1ccc(C(=O)C2C(=O)CCCC2=O)c(Cl)c1,0,146.png,0.08122213,0.0,0,1,,,0
CCCCCCCCCCCCC1=C(OC(C)=O)C(=O)c2ccccc2C1=O,0,147.png,0.07486673,0.0,0,1,,,0
CC(=O)O.CC(=O)O.CC(=O)O.NC(N)=NCCCCCCCCNCCCCCCCCN=C(N)N,0,148.png,0.114119805,0.0,0,1,,,0
CCOc1nc(NC)nc(NC(=O)NS(=O)(=O)c2ccccc2C(=O)OC)n1,1,149.png,0.156128,0.0,1,1,,,0
COc1cc(OC)nc(NC(=O)NS(=O)(=O)Nc2ccccc2C(=O)N(C)C)n1,0,150.png,0.09185486,0.0,0,1,,,0
O=c1c2cc(F)ccc2nc(-n2cncn2)n1-c1ccc(Cl)cc1Cl,0,151.png,0.06850345,0.0,0,1,,,0
CC1(C)OC(c2ccco2)CN1C(=O)C(Cl)Cl,0,152.png,0.0946484,0.0,0,1,,,0
CCOc1nc(NC)nc(NC(=O)NS(=O)(=O)c2ccccc2C(=O)O)n1,0,153.png,0.15699689,0.0,0,1,,,0
CC(Oc1ccc(Oc2nc3ccc(Cl)cc3o2)cc1)C(=O)O,0,154.png,0.097642876,0.0,0,1,,,0
C#CCOc1cc(-n2nc(C(C)(C)C)oc2=O)c(Cl)cc1Cl,0,155.png,0.06799880000000001,0.0,0,1,,,0
Cc1cc(C2CC2)nc(Nc2ccccc2)n1,0,156.png,0.07085635,0.0,0,1,,,0
O=C(O)COc1cc(N2C(=O)C3=C(CCCC3)C2=O)c(F)cc1Cl,0,157.png,0.06268670400000001,0.0,0,1,,,0
COC(=O)c1ccc(CNS(C)(=O)=O)cc1S(=O)(=O)NC(=O)Nc1nc(OC)cc(OC)n1,0,158.png,0.9311792,1.0,0,1,0.0,"-0,1600",0
O=C(O)C1(C(=O)Nc2ccc(Cl)cc2Cl)CC1,0,159.png,0.06951852,0.0,0,1,,,0
Fc1cccc(F)c1-c1nnc(-c2ccccc2Cl)nn1,0,160.png,0.06845427,0.0,0,1,,,0
CN=C(NCC1CCOC1)N[N+](=O)[O-],1,161.png,0.97880113,1.0,1,1,0.0,"-0,6204",0
CSC1=NC(C)(c2ccccc2)C(=O)N1Nc1ccccc1,0,162.png,0.08386783,0.0,0,1,,,0
COc1cc(OC)nc(Sc2cccc3c2C(=O)OC3C)n1,0,163.png,0.07212507,0.0,0,1,,,0
CCCOc1nn(C(=O)NS(=O)(=O)c2ccccc2C(=O)OC)c(=O)n1C,0,164.png,0.07013466,0.0,0,1,,,0
O=C(O)CNCP(=O)([O-])O.[Na+],0,165.png,0.06230753,0.0,0,1,,,0
CCOCCN(C(=O)CCl)C(=C(C)C)c1ccccc1,0,166.png,0.06745234,0.0,0,1,,,0
COc1cc(OC)nc(NC(=O)NS(=O)(=O)c2c(C(=O)O)cnn2C)n1,0,167.png,0.07908879,0.0,0,1,,,0
CS(=O)(=O)c1ccc(C(=O)C2=C(Sc3ccccc3)C3CCC(C3)C2=O)c(Cl)c1,0,168.png,0.07479738400000001,0.0,0,1,,,0
CCOC(=O)C1=NN(c2ccc(Cl)cc2Cl)C(C)(C(=O)OCC)C1,0,169.png,0.0795027,0.0,0,1,,,0
O=C(NC(=O)c1c(F)cccc1F)Nc1cc(Cl)c(OC(F)(F)C(F)C(F)(F)F)c(Cl)c1F,0,170.png,0.10425063,0.0,0,1,,,0
CC1=CCC(CCC(C)(C)C2CC=C(C)CC2)CC1,0,171.png,0.08231109,0.0,0,1,,,0
CCCCC(CC)COC(=O)C(C)Oc1ccc(Cl)cc1C,0,172.png,0.06789778,0.0,0,1,,,0
CCCC(NOCC)=C1C(=O)CC(CC(C)SCC)CC1=O,1,173.png,0.06623243,0.0,1,1,,,0
COc1cc(OC)nc(NC(=O)NS(=O)(=O)c2ncccc2OCC(F)(F)F)n1,0,174.png,0.118635796,0.0,0,1,,,0
CC(C(c1ccc(Cl)cc1)c1ccc(Cl)cc1)[N+](=O)[O-].CCC(C(c1ccc(Cl)cc1)c1ccc(Cl)cc1)[N+](=O)[O-],0,175.png,0.96431226,1.0,0,1,1.0,"9,9711",1
O=C(Cc1ccccc1)N=C(NOCC1CC1)c1c(C(F)(F)F)ccc(F)c1F,0,176.png,0.08121617,0.0,0,1,,,0
N#CCNC(=O)c1cnccc1C(F)(F)F,0,177.png,0.8387276,1.0,0,1,0.0,"1,3538",0
COCCOc1cccc2c1c(=O)c(C(=O)O)nn2-c1ccc(C)cc1,0,178.png,0.07651876,0.0,0,1,,,0
COc1nc(NC(=O)NS(=O)(=O)c2ccccc2C(F)(F)F)nc(C(F)(F)F)n1,0,179.png,0.08445735,0.0,0,1,,,0
CC(C)CCCCCOC(=O)c1nc(Cl)c(Cl)c(N)c1Cl,0,180.png,0.06287728,0.0,0,1,,,0
CCCOc1nc2ccc(I)cc2c(=O)n1CCC,0,181.png,0.06376465,0.0,0,1,,,0
N#Cc1cc(I)c([O-])c(I)c1.[Na+],1,182.png,0.06536575,0.0,1,1,,,0
[K+].[O-]P(O)O,0,183.png,0.06307493,0.0,0,1,,,0
CCn1c(C)cc(=O)c(C(=O)[O-])c1-c1ccc(Cl)cc1.[K+],0,184.png,0.07192244,0.0,0,1,,,0
CCCCC(CC)COC(=O)C(C)Oc1ccc(Cl)cc1Cl,0,185.png,0.06708537,0.0,0,1,,,0
CNC(=O)c1cc(C#N)cc(C)c1NC(=O)c1cc(Br)nn1-c1ncccc1Cl,1,186.png,0.0752567,0.0,1,1,,,0
CC(C)OP(=O)(OC(C)C)SCc1ccccc1,0,187.png,0.9592835,1.0,0,1,1.0,"4,8779",1
CCOP(=O)(OC1CCCCC1)SCC,0,188.png,0.9525806,1.0,0,1,1.0,"4,2334",1
CCOc1ccc(C(COCc2cccc(Oc3ccc(Cl)cc3)c2)C(F)(F)F)cc1,1,189.png,0.37961453,0.0,1,1,,,0
Cn1cc(C(=O)Nc2ccccc2-c2cc(F)c(F)c(F)c2)c(C(F)F)n1,0,190.png,0.06841241599999999,0.0,0,1,,,0
COCCOC(=O)C(C#N)(C(=O)c1ccccc1C(F)(F)F)c1ccc(C(C)(C)C)cc1,0,191.png,0.08651110000000001,0.0,0,1,,,0
O=C(O)CNCP(=O)([O-])O.O=C(O)CNCP(=O)([O-])[O-].[Na+].[Na+].[Na+],0,192.png,0.061545275,0.0,0,1,,,0
C=CCON=C(CCC)C1=C([O-])CC(C)(C)C(C(=O)OC)C1=O.[Na+],0,193.png,0.07812063400000001,0.0,0,1,,,0
O=C1C=C(N(Cc2ccc(Cl)nc2)CC(F)F)CO1,1,194.png,0.11519667,0.0,1,1,,,0
CCOC1C(OC)C(C)OC(OC2CC3CCC4C5CC(=O)OC(CC)CCCC(OC6CCC(N(C)C)C(C)O6)C(C)C(=O)C5=CC4C3C2)C1OC,1,195.png,0.8432668,1.0,1,1,1.0,"6,1015",1
CC(C)C(C(=O)OC(C#N)c1cccc(Oc2ccc(Br)cc2)c1)c1ccc(OC(F)F)cc1,1,196.png,0.95138866,1.0,1,1,1.0,"7,3905",1
COc1cc(C)c(C(=O)c2c(OC)ncc(Cl)c2C)c(OC)c1OC,0,197.png,0.06545906,0.0,0,1,,,0
O=c1c(-c2cccc(C(F)(F)F)c2)c([O-])n(Cc2cncnc2)c2cccc[n+]12,1,198.png,0.09908684,0.0,1,1,,,0
CN(C(=O)c1ccccc1)c1cccc(C(=O)Nc2c(Br)cc(C(F)(C(F)(F)F)C(F)(F)F)cc2C(F)(F)F)c1F,1,199.png,0.08878988,0.0,1,1,,,0
CC(NC(=O)c1cc(Cl)cc(Br)c1NC(=O)c1cc(Br)nn1-c1ncccc1Cl)C1CC1,1,200.png,0.06939815,0.0,1,1,,,0
COC(=O)c1csc(C)c1S(=O)(=O)NC(=O)n1nc(OC)n(C)c1=O,0,201.png,0.06686559,0.0,0,1,,,0
COc1ccccc1N1CCSC1=C(C#N)Sc1cc(C(F)(F)F)ccc1F,0,202.png,0.07652245,0.0,0,1,,,0
CC1(COC(=O)C2CC2)C(OC(=O)C2CC2)CCC2(C)C1CC(O)C1(C)Oc3cc(-c4cccnc4)oc(=O)c3C(O)C21,0,203.png,0.40886956,0.0,0,1,,,0
COC(=O)CC(NC(=O)C(NC(=O)OC(C)C)C(C)C)c1ccc(Cl)cc1,0,204.png,0.12302373,0.0,0,1,,,0
O=C(O)CNCP(=O)([O-])[O-].[NH4+].[NH4+],0,205.png,0.06235016,0.0,0,1,,,0
CC1(C)CON(Cc2ccc(Cl)cc2Cl)C1=O,0,206.png,0.08654962,0.0,0,1,,,0
O=C(O)C(=O)O,0,0.png,0.086278066,0.0,0,2,,,0
O=C(O)c1ccccc1,0,1.png,0.09497505,0.0,0,2,,,0
O=C([O-])[O-].[Ca+2],0,2.png,0.086303934,0.0,0,2,,,0
COP(=S)(OC)Oc1cc(Cl)c(Br)cc1Cl,1,3.png,0.96231383,1.0,1,2,1.0,"4,6520",1
O=[As](O)(O)O,1,4.png,0.08683926,0.0,1,2,,,0
O=P(O)(O)CCCl,0,5.png,0.0876143,0.0,0,2,,,0
CCCCCCCCCCCCCCCC(=O)O,0,6.png,0.09341587,0.0,0,2,,,0
Cl[Cu]Cl,0,7.png,0.08645818,0.0,0,2,,,0
N#CN,1,8.png,0.08697250000000001,0.0,1,2,,,0
CC(=O)CC(c1ccccc1)c1c(O)c2ccccc2oc1=O,0,9.png,0.069030896,0.0,0,2,,,0
CN(C)C(CSC(N)=O)CSC(N)=O,1,10.png,0.17702554,0.0,1,2,,,0
CON(C)C(=O)Nc1ccc(Cl)c(Cl)c1,0,11.png,0.17941816,0.0,0,2,,,0
CN1CSC(=S)N(C)C1,1,12.png,0.56211674,1.0,1,2,0.0,"0,7967",0
O=P([O-])([O-])[O-].[Fe+3],0,13.png,0.088450685,0.0,0,2,,,0
[Br-].[Br-].c1cc[n+]2c(c1)-c1cccc[n+]1CC2,0,14.png,0.07313241,0.0,0,2,,,0
Oc1cccc2cccnc12,0,15.png,0.100055374,0.0,0,2,,,0
CC(C)N(C(=O)CCl)c1ccccc1,0,16.png,0.08528989599999999,0.0,0,2,,,0
CBr,0,17.png,0.08660895,0.0,0,2,,,0
C=CC(C)(O)CCC=C(C)C,0,18.png,0.08787952,0.0,0,2,,,0
CC1OC(C)OC(C)OC(C)O1,0,19.png,0.08958872,0.0,0,2,,,0
COC(=O)c1ccccc1N,0,20.png,0.07634143,0.0,0,2,,,0
CCCCNC(=O)n1c(NC(=O)OC)nc2ccccc21,1,21.png,0.04873032,0.0,1,2,,,0
CCOP(=S)(OCC)SCSP(=S)(OCC)OCC,1,22.png,0.8806287,1.0,1,2,1.0,"5,0053",1
CCCC(Cn1cncn1)c1ccc(Cl)cc1Cl,1,23.png,0.09349504,0.0,1,2,,,0
O=C1OC(C(O)CO)C(O)=C1O,1,24.png,0.07686552,0.0,1,2,,,0
O=S(=O)(F)F,1,25.png,0.08865892,0.0,1,2,,,0
Nc1cnn(-c2ccccc2)c(=O)c1Cl,0,26.png,0.0721692,0.0,0,2,,,0
CNC(=O)Oc1cc(C)c(SC)c(C)c1,1,27.png,0.43733054,0.0,1,2,,,0
CNC(=O)CSP(=S)(OC)OC,1,28.png,0.9577923,1.0,1,2,0.0,"0,9829",0
C1=CC2C3C=CC(C3)C2C1,0,29.png,0.31295612,0.0,0,2,,,0
Clc1ccc(C(c2ccc(Cl)cc2)C(Cl)Cl)cc1,0,30.png,0.99663144,1.0,0,2,1.0,"5,9290",1
O=[PH]([O-])[O-].[Na+].[Na+],0,31.png,0.08830287,0.0,0,2,,,0
NC(=O)Cc1cccc2ccccc12,0,32.png,0.0921482,0.0,0,2,,,0
O=C(O)COc1ccc2ccccc2c1,0,33.png,0.20334192,0.0,0,2,,,0
[Cd],0,34.png,0.08746813,0.0,0,2,,,0
[Ca+2].[S-]SSS[S-],0,35.png,0.0946216,0.0,0,2,,,0
O=C([O-])c1cc(Oc2ccc(C(F)(F)F)cc2Cl)ccc1[N+](=O)[O-].[Na+],0,36.png,0.02823573,0.0,0,2,,,0
CCC(C)C1OC2(C=CC1C)CC1CC(CC=C(C)C(OC3CC(OC)C(OC4CC(OC)C(O)C(C)O4)C(C)O3)C(C)C=CC=C3COC4C(O)C(C)=CC(C(=O)O1)C34O)O2.COC1CC(OC2C(C)OC(OC3C(C)=CCC4CC(CC5(C=CC(C)C(C(C)C)O5)O4)OC(=O)C4C=C(C)C(O)C5OCC(=CC=CC3C)C45O)CC2OC)OC(C)C1O,1,37.png,0.9964716,1.0,1,2,1.0,"10,3647",1
FC(F)C(F)(F)OCC(Cn1cncn1)c1ccc(Cl)cc1Cl,0,38.png,0.09404028,0.0,0,2,,,0
[As],0,39.png,0.08659432,0.0,0,2,,,0
O=[As]([O-])(O)O.[Na+],1,40.png,0.08735478,0.0,1,2,,,0
C=CC(Cl)Cl,1,41.png,0.10091686,0.0,1,2,,,0
O=[N+]([O-])c1cc(C2CCCCC2)c(O)c([N+](=O)[O-])c1,0,42.png,0.07823953,0.0,0,2,,,0
CC(C)N1C(=O)N(c2ccccc2)CSC1=NC(C)(C)C,0,43.png,0.13552198,0.0,0,2,,,0
ClC1=C(Cl)C2(Cl)C3C4C=CC(C4)C3C1(Cl)C2(Cl)Cl,1,44.png,0.99622786,1.0,1,2,1.0,"5,2702",1
O=[N+]([O-])c1c(Cl)c(Cl)cc(Cl)c1Cl,0,45.png,0.019621056,0.0,0,2,,,0
ClC1=C(Cl)C2(Cl)C3C4CC(C5OC45)C3C1(Cl)C2(Cl)Cl,1,46.png,0.99627954,1.0,1,2,1.0,"4,4814",1
CCOP(=O)(OCC)SCCSCC,1,47.png,0.88603896,1.0,1,2,1.0,"3,6538",1
COc1nc(C)nc(NC(=O)NS(=O)(=O)c2ccccc2Cl)n1,0,48.png,0.099567585,0.0,0,2,,,0
O=C(Nc1ccccc1)Nc1cnns1,0,49.png,0.09734017,0.0,0,2,,,0
COC(=O)NC1C(OC2C(CO)OC(OC3C(CO)OC(O)C(N)C3O)C(N)C2O)OC(CO)C(OC2OC(CO)C(OC3OC(CO)C(OC4OC(CO)C(OC5OC(CO)C(OC6OC(CO)C(OC7OC(CO)C(O)C(O)C7N)C(O)C6N)C(O)C5N)C(O)C4N)C(O)C3N)C(O)C2N)C1O,0,50.png,0.4613719,0.0,0,2,,,0
CCOP(=S)(OCC)OCCSCC,1,51.png,0.91648227,1.0,1,2,1.0,"3,0536",1
CCOP(=S)(OCC)SC1OCCOC1SP(=S)(OCC)OCC,0,52.png,0.9346368,1.0,0,2,1.0,"4,7468",1
COP(=S)(OC)Oc1ccc(SC)c(C)c1,1,53.png,0.966092,1.0,1,2,1.0,"3,6130",1
CCOP(=S)(OCC)SCCSCC,1,54.png,0.88470066,1.0,1,2,1.0,"3,7702",1
CC(Oc1cc(Cl)c(Cl)cc1Cl)C(=O)O,0,55.png,0.07860911,0.0,0,2,,,0
CC1=C(O)C(=O)CC1,0,56.png,0.07947074,0.0,0,2,,,0
CNC(=S)[S-].[Na+],0,57.png,0.09011856,0.0,0,2,,,0
COc1nn(CSP(=S)(OC)OC)c(=O)s1,1,58.png,0.9575451,1.0,1,2,0.0,"1,5214",0
CC(C)Nc1nc(Cl)nc(NC(C)C)n1,0,59.png,0.08750086,0.0,0,2,,,0
O=C(O)c1c(Cl)ccc(Cl)c1Cl,0,60.png,0.021373104,0.0,0,2,,,0
O=C([O-])[O-].[Cu+2],0,61.png,0.08678081,0.0,0,2,,,0
CCC(C)c1cc([N+](=O)[O-])cc([N+](=O)[O-])c1OC(=O)C=C(C)C,0,62.png,0.05833151,0.0,0,2,,,0
CN(C)NC(=O)CCC(=O)O,0,63.png,0.090784475,0.0,0,2,,,0
CC1(C)OCC2OC3(C(=O)O)OC(C)(C)OC3C2O1,0,64.png,0.102067664,0.0,0,2,,,0
CSc1nc(NC(C)C)nc(NC(C)C)n1,0,65.png,0.088340536,0.0,0,2,,,0
CNC(=O)Oc1cc(C)c(N(C)C)c(C)c1,1,66.png,0.15680055,0.0,1,2,,,0
CC1OC(OC2C(O)C(O)C(O)C(O)C2O)C(N)CC1N=C(N)C(=O)O.Cl,0,67.png,0.120879136,0.0,0,2,,,0
Clc1cccc(C(Cl)(Cl)Cl)n1,0,68.png,0.08850887,0.0,0,2,,,0
CCOP(=O)(N=C1SCCS1)OCC,1,69.png,0.9395755,1.0,1,2,1.0,"3,0035",1
CN(C)c1nc(=O)n(C2CCCCC2)c(=O)n1C,0,70.png,0.0808035,0.0,0,2,,,0
CNC(=O)ON=C(C)SC,1,71.png,0.09599085,0.0,1,2,,,0
CC(C)OP(=S)(OC(C)C)SCCNS(=O)(=O)c1ccccc1,1,72.png,0.8687819,1.0,1,2,1.0,"3,7726",1
CN(C)C(=O)Nc1cccc(C(F)(F)F)c1,0,73.png,0.109194264,0.0,0,2,,,0
C1CCC([Sn](C2CCCCC2)C2CCCCC2)CC1.O,0,74.png,0.097692326,0.0,0,2,,,0
CCC=CCC1=C(C)C(OC(=O)C2C(C=C(C)C(=O)OC)C2(C)C)CC1=O,1,75.png,0.9981829,1.0,1,2,1.0,"3,9353",1
COP(=S)(OC)Oc1cc(Cl)c(I)cc1Cl,1,76.png,0.96231383,1.0,1,2,1.0,"4,4941",1
CNC(=O)Oc1ccccc1C1OCCO1,1,77.png,0.8684924,1.0,1,2,0.0,"1,4502",0
CNC(=O)Oc1cccc(N=CN(C)C)c1.Cl,1,78.png,0.7906538000000001,1.0,1,2,0.0,"2,0480",0
CCOC(=O)CCC(=O)CC1(O)C2(Cl)C3(Cl)C4(Cl)C(Cl)(Cl)C5(Cl)C3(Cl)C1(Cl)C5(Cl)C42Cl,0,79.png,0.9857758,1.0,0,2,1.0,"5,0827",1
CC1=C(C(=O)Nc2ccccc2)S(=O)(=O)CCO1,0,80.png,0.07427458,0.0,0,2,,,0
OC(c1ccc(Cl)cc1)(c1ccc(Cl)cc1)c1cccnc1,1,81.png,0.1947214,0.0,1,2,,,0
CCCC(C)(C)C(=O)Nc1ccc(Cl)cc1,0,82.png,0.092022896,0.0,0,2,,,0
CCNc1nc(Cl)nc(NC(C)(C)C#N)n1,0,83.png,0.10177201,0.0,0,2,,,0
CCCN(CCC)c1c([N+](=O)[O-])cc(S(N)(=O)=O)cc1[N+](=O)[O-],0,84.png,0.022209603,0.0,0,2,,,0
CCOC(=O)Nc1cccc(OC(=O)Nc2ccccc2)c1,0,85.png,0.18621516,0.0,0,2,,,0
CCNC(=O)C(C)OC(=O)Nc1ccccc1,0,86.png,0.09999544,0.0,0,2,,,0
CCCCCCCCC=CCCCCCCCCCCCCC,0,87.png,0.09970909,0.0,0,2,,,0
Cc1nc(N(C)C)nc(OC(=O)N(C)C)c1C,1,88.png,0.46731067,0.0,1,2,,,0
CC=C(C)C(=O)OC1CC(OC(C)=O)C2(C(=O)OC)COC3C2C12COC(O)(C(=O)OC)C2C(C)(C12OC1(C)C1CC2OC2OC=CC21O)C3O,1,89.png,0.40770546,0.0,1,2,,,0
CC(=O)CCc1ccc(OC(C)=O)cc1,0,90.png,0.56762403,1.0,0,2,0.0,"2,1335",0
COP(N)(=O)SC,1,91.png,0.9764398,1.0,1,2,0.0,"1,0626",0
CCCN(CCC)c1c([N+](=O)[O-])cc(C(C)C)cc1[N+](=O)[O-],1,92.png,0.025853300000000003,0.0,1,2,,,0
CCOP(=S)(OCC)Oc1ncn(-c2ccccc2)n1,0,93.png,0.92859375,1.0,0,2,1.0,"2,9436",1
Cc1ccc(NC(=O)N(C)C)cc1Cl,0,94.png,0.093192406,0.0,0,2,,,0
CCN(CC)C(=O)SCc1ccc(Cl)cc1,0,95.png,0.53773314,1.0,0,2,1.0,"4,0350",1
O=C(NC(=O)c1c(F)cccc1F)Nc1ccc(Cl)cc1,1,96.png,0.022839814,0.0,1,2,,,0
CC1CCCCN1CCCOC(=O)c1ccc(Cl)c(Cl)c1,0,97.png,0.0902637,0.0,0,2,,,0
COC(=O)c1cc(Oc2ccc(Cl)cc2Cl)ccc1[N+](=O)[O-],0,98.png,0.025293043,0.0,0,2,,,0
O=S(=O)(CCC(F)=C(F)F)c1ncc(Cl)s1,0,99.png,0.07970871,0.0,0,2,,,0
CC(C)N.O=C(O)CNCP(=O)(O)O,0,100.png,0.08867265,0.0,0,2,,,0
Cl.NCCOC=CC(N)C(=O)O,0,101.png,0.08838986,0.0,0,2,,,0
C=C(C)CN(CC)c1c([N+](=O)[O-])cc(C(F)(F)F)cc1[N+](=O)[O-],0,102.png,0.023771971,0.0,0,2,,,0
CNC(=O)N(C)c1nnc(C(C)(C)C)s1,0,103.png,0.09808378,0.0,0,2,,,0
CS(=O)(=O)c1ccc(C(=O)C2C(=O)CCCC2=O)c(Cl)c1COCC(F)(F)F,0,104.png,0.022387635,0.0,0,2,,,0
CC12CC3OC(C1)C2C(C)(C)O3,0,105.png,0.09145598,0.0,0,2,,,0
COc1ccc(C(O)(c2cncnc2)C2CC2)cc1,0,106.png,0.3749725,0.0,0,2,,,0
C#CCOC(=O)C=C(C)C=CCC(C)CCCC(C)C,0,107.png,0.095195964,0.0,0,2,,,0
O=C(NC(=O)c1c(F)cccc1F)Nc1cc(Cl)c(OC(F)(F)C(F)C(F)(F)F)cc1Cl,0,108.png,0.022835847000000003,0.0,0,2,,,0
CCOC(=O)c1ccccc1S(=O)(=O)NC(=O)Nc1nc(Cl)cc(OC)n1,0,109.png,0.07427617,0.0,0,2,,,0
Cc1cc(Cl)ccc1OCCCC(=O)[O-].[Na+],0,110.png,0.09350964,0.0,0,2,,,0
CCCSP(=S)(OCC)Oc1ccc(SC)cc1,1,111.png,0.9246801,1.0,1,2,1.0,"5,1915",1
CCOP(=S)(OCC)OC(=CCl)c1cc(Cl)ccc1Cl,1,112.png,0.9352597,1.0,1,2,1.0,"5,8447",1
c1ncn([Sn](C2CCCCC2)(C2CCCCC2)C2CCCCC2)n1,0,113.png,0.10773216,0.0,0,2,,,0
COC(=O)C(C)N(C(=O)c1ccco1)c1c(C)cccc1C,1,114.png,0.021957822,0.0,1,2,,,0
CNC(=O)Oc1ccccc1C(C)C,1,115.png,0.8677746,1.0,1,2,1.0,"2,5282",1
CCc1cccc(C)c1N(C(=O)CCl)C(C)COC,0,116.png,0.029530834,0.0,0,2,,,0
CC(=O)[O-].CC(=O)[O-].[Cu+2],0,117.png,0.08722019,0.0,0,2,,,0
CCCN(CCOc1c(Cl)cc(Cl)cc1Cl)C(=O)n1ccnc1,0,118.png,0.04187723,0.0,0,2,,,0
C=CC(=C)CC(O)CC(C)C,0,119.png,0.08955677599999999,0.0,0,2,,,0
CC(C)C(C)C(O)C(O)C(C)C1CCC2C3COC(=O)C4CC(O)C(O)CC4(C)C3CCC12C,1,120.png,0.7085461999999999,1.0,1,2,1.0,"3,3900",1
COS(=O)(=O)[O-].Cn1c(-c2ccccc2)cc(-c2ccccc2)[n+]1C,0,121.png,0.07689192,0.0,0,2,,,0
CC(Cc1ccc(C(C)(C)C)cc1)CN1CCCCC1,1,122.png,0.6555254,1.0,1,2,1.0,"4,6486",1
O=S(=O)([O-])C(F)(F)C(F)(F)C(F)(F)C(F)(F)C(F)(F)C(F)(F)C(F)(F)C(F)(F)F.[K+],1,123.png,0.91373795,1.0,1,2,0.0,"1,5025",0
O=C(Nc1ccccc1)N(Cc1ccc(Cl)cc1)C1CCCC1,0,124.png,0.31575614,0.0,0,2,,,0
C#CCC1=C(C)C(OC(=O)C2C(C=C(C)C)C2(C)C)CC1=O,1,125.png,0.9984659,1.0,1,2,1.0,"3,4492",1
COC(=O)N(C(=O)N1COC2(C(=O)OC)Cc3cc(Cl)ccc3C2=N1)c1ccc(OC(F)(F)F)cc1,1,126.png,0.03958274,0.0,1,2,,,0
CCC(C)OC(=O)C1CC=CCC1C,0,127.png,0.0923263,0.0,0,2,,,0
C[N+]1(C)CCCCC1,0,128.png,0.09078805,0.0,0,2,,,0
CCCOCC(=Nc1ccc(Cl)cc1C(F)(F)F)n1ccnc1,0,129.png,0.09190826,0.0,0,2,,,0
CCCCOCCOC(=O)COc1nc(Cl)c(Cl)cc1Cl,0,130.png,0.077070475,0.0,0,2,,,0
CC(C)(C)C(O)C(Cc1ccc(Cl)cc1)n1cncn1,1,131.png,0.7829429,1.0,1,2,1.0,"3,1223",1
CC(C)(C)C(O)(CCc1ccc(Cl)cc1)Cn1cncn1,0,132.png,0.15168111,0.0,0,2,,,0
CN(C)C(=O)SCCCCOc1ccccc1,0,133.png,0.16545977,0.0,0,2,,,0
O=C(Nc1ccc(F)cc1F)c1cccnc1Oc1cccc(C(F)(F)F)c1,0,134.png,0.05266274,0.0,0,2,,,0
COC(=O)c1sccc1S(=O)(=O)NC(=O)Nc1nc(C)nc(OC)n1,1,135.png,0.08303819,0.0,1,2,,,0
COc1cccc(C(=O)NN(C(=O)c2cc(C)cc(C)c2)C(C)(C)C)c1C,0,136.png,0.04004649,0.0,0,2,,,0
COCc1cnc(C2=NC(C)(C(C)C)C(=O)N2)c(C(=O)O)c1,0,137.png,0.024139605,0.0,0,2,,,0
CC=CC(O)CC(C)C,0,138.png,0.08819416,0.0,0,2,,,0
CCCOc1nn(C([O-])=NS(=O)(=O)c2ccccc2C(=O)OC)c(=O)n1C.[Na+],0,139.png,0.047278948,0.0,0,2,,,0
Nc1cc(Cl)nc(C(=O)O)c1Cl,1,140.png,0.0356239,0.0,1,2,,,0
CCOP(=S)(OCC)OC(Cl)C(Cl)(Cl)Cl,1,141.png,0.94339216,1.0,1,2,1.0,"4,2356",1
CC(C)=NOCCOC(=O)C(C)Oc1ccc(Oc2cnc3cc(Cl)ccc3n2)cc1,0,142.png,0.106547534,0.0,0,2,,,0
CCCCCOC(=O)COc1cc(N2C(=O)C3=C(CCCC3)C2=O)c(F)cc1Cl,0,143.png,0.028693613,0.0,0,2,,,0
COC(=O)C(C)Oc1ccc(Oc2ncc(C(F)(F)F)cc2Cl)cc1,0,144.png,0.09288672,0.0,0,2,,,0
COC(=O)c1c(C(F)F)nc(C(F)(F)F)c(C2=NCCS2)c1CC(C)C,0,145.png,0.02008978,0.0,0,2,,,0
N#Cc1c[nH]cc1-c1cccc2c1OC(F)(F)O2,0,146.png,0.08642393,0.0,0,2,,,0
CCCCOC(=O)C(C)Oc1ccc(Oc2ccc(C#N)cc2F)cc1,0,147.png,0.74908936,1.0,0,2,1.0,"4,6003",1
Cc1nn(C)c(Oc2ccccc2)c1C=NOCc1ccc(C(=O)OC(C)(C)C)cc1,0,148.png,0.10604371,0.0,0,2,,,0
Nc1nc(C2CC2)nc(C(=O)O)c1Cl,0,149.png,0.051700484000000005,0.0,0,2,,,0
CCS(=O)(=O)c1cccnc1S(=O)(=O)NC(=O)Nc1nc(OC)cc(OC)n1,0,150.png,0.09103293,0.0,0,2,,,0
COc1cc(OC)nc(NC(=O)NS(=O)(=O)N(C)S(C)(=O)=O)n1,0,151.png,0.09098105,0.0,0,2,,,0
CCCCCC(C)OC(=O)COc1ccc(Cl)c2cccnc12,0,152.png,0.09370601,0.0,0,2,,,0
CC(Oc1ccc(Oc2ncc(Cl)cc2F)cc1)C(=O)O,0,153.png,0.09079312,0.0,0,2,,,0
C#CCN1CC(=O)N(COC(=O)C2C(C=C(C)C)C2(C)C)C1=O,1,154.png,0.99847186,1.0,1,2,0.0,"1,6229",0
Clc1ccc(C2(Cn3cncn3)CC(Br)CO2)c(Cl)c1,0,155.png,0.11078161,0.0,0,2,,,0
CCCCC(C)CCC(=O)OCC,0,156.png,0.09135924,0.0,0,2,,,0
CCOc1nc(F)cc2nc(S(=O)(=O)Nc3c(Cl)cccc3C(=O)OC)nn12,0,157.png,0.04764607,0.0,0,2,,,0
O=C(NC(=O)c1c(F)cccc1F)Nc1ccc(OC(F)(F)C(F)OC(F)(F)F)c(Cl)c1,0,158.png,0.022853736,0.0,0,2,,,0
Fc1ccc(C2(Cn3cncn3)OC2c2ccccc2Cl)cc1,0,159.png,0.11169144,0.0,0,2,,,0
CS(=O)(=O)c1cc(C(F)(F)F)ccc1C(=O)c1cnoc1C1CC1,0,160.png,0.06457863,0.0,0,2,,,0
NC1=NCCN1Cc1ccc(Cl)nc1,1,161.png,0.5355340000000001,1.0,1,2,0.0,"0,8653",0
COc1cc(OC)nc(NC(=O)NS(=O)(=O)c2nc(C(F)(F)F)ccc2C(=O)O)n1,0,162.png,0.050099753,0.0,0,2,,,0
CCOC(=O)COc1cc(-c2nn(C)c(OC(F)F)c2Cl)c(F)cc1Cl,0,163.png,0.08770315,0.0,0,2,,,0
C[S+](C)C.O=C(O)CNCP(=O)([O-])O,0,164.png,0.094146036,0.0,0,2,,,0
CC1(C)C(C=CC(=O)OC(C(F)(F)F)C(F)(F)F)C1C(=O)OC(C#N)c1cccc(Oc2ccccc2)c1,1,165.png,0.9982041,1.0,1,2,1.0,"6,4516",1
CC(C)C1CCC(Cc2ccc(Cl)cc2)C1(O)Cn1cncn1,0,166.png,0.09786118,0.0,0,2,,,0
O=C1OCc2c(Cl)c(Cl)c(Cl)c(Cl)c21,0,167.png,0.020103058,0.0,0,2,,,0
CCN(CC)C(=O)n1cnc(S(=O)(=O)c2c(C)cc(C)cc2C)n1,0,168.png,0.113315925,0.0,0,2,,,0
COC(=O)c1c(Cl)nn(C)c1S(=O)(=O)NC(=O)Nc1nc(OC)cc(OC)n1,0,169.png,0.03495171,0.0,0,2,,,0
CCNc1nc(CC)c(C(=O)NC(C#N)c2cccs2)s1,0,170.png,0.04618886,0.0,0,2,,,0
COc1ccsc1CN(C(=O)CCl)c1c(C)cccc1C,0,171.png,0.02256045,0.0,0,2,,,0
CCOC(C#N)NC(=O)c1ccc(Cl)cc1,1,172.png,0.094505034,0.0,1,2,,,0
CCCC(NOCC)=C1C(=O)CC(C2CCCSC2)CC1=O,0,173.png,0.07483132,0.0,0,2,,,0
O=C(NC(=O)c1c(F)cccc1F)Nc1cc(C(F)(F)F)cc(C(F)(F)F)c1Cl,0,174.png,0.023143733,0.0,0,2,,,0
CCCC(NOCC(C)Oc1ccc(Cl)cc1)=C1C(=O)CC(C2CCCSC2)CC1=O,0,175.png,0.08205311,0.0,0,2,,,0
CNC(=O)ON=C(C)SCCC#N,0,176.png,0.10433344,0.0,0,2,,,0
NC(=O)OCC(O)C(O)C(N)C(=O)NC(C(=O)O)C1OC(n2cc(CO)c(=O)[nH]c2=O)C(O)C1O,0,177.png,0.10711141,0.0,0,2,,,0
COc1cc(C)c(C(=O)c2c(OC)ccc(Br)c2C)c(OC)c1OC,0,178.png,0.020934613,0.0,0,2,,,0
COC=C(C(=O)OC)c1ccccc1COc1cc(C(F)(F)F)nc(OC(C)C)n1,1,179.png,0.077769175,0.0,1,2,,,0
CCOCCOC(=O)C(C)Oc1ccc(Oc2ncc(C(F)(F)F)cc2Cl)cc1,0,180.png,0.09431282,0.0,0,2,,,0
COc1cc(OC)n2nc(NS(=O)(=O)c3c(C(F)(F)F)ccnc3OC)nc2n1,0,181.png,0.033757113,0.0,0,2,,,0
COC(=O)c1ccc(C(F)(F)F)nc1S(=O)(=O)NC(=O)[N-]c1nc(OC)cc(OC)n1.[Na+],0,182.png,0.0394827,0.0,0,2,,,0
CCc1c(C(=O)[O-])c(=O)cnn1-c1ccc(Cl)cc1.[K+],0,183.png,0.02089646,0.0,0,2,,,0
COc1cc(OC)nc(Oc2cccc(Oc3nc(OC)cc(OC)n3)c2C(=O)[O-])n1.[Na+],0,184.png,0.02170804,0.0,0,2,,,0
CC=C(C)C(=O)OC1CC(OC(C)=O)C2(C(=O)OC)COC3C2C12COC(O)(C(=O)OC)C2C(C)(C12OC1(C)C1CC2OC2OCCC21O)C3O,0,185.png,0.40447193,0.0,0,2,,,0
CC1OC(OC2C(O)C(O)C(O)C(O)C2O)C(N)CC1N=C(N)C(=O)O,0,186.png,0.120107844,0.0,0,2,,,0
CC(C)C1C2CCC1c1c(NC(=O)c3cn(C)nc3C(F)F)cccc12,0,187.png,0.955163,1.0,0,2,1.0,"4,8568",1
CC(=NNC(=O)Nc1cc(F)cc(F)c1)c1ncccc1C(=O)O,0,188.png,0.023130102000000003,0.0,0,2,,,0
COC(=O)NC(=S)Nc1ccccc1NC(=S)NC(=O)OC.N#Cc1c(Cl)c(Cl)c(Cl)c(C#N)c1Cl,1,189.png,0.018092472,0.0,1,2,,,0
Cn1cc(C(=O)Nc2ccccc2C2CC2C2CC2)c(C(F)F)n1,1,190.png,0.07507014,0.0,1,2,,,0
O.O.O.O.O.OB(O)O.[Na+],0,191.png,0.0870297,0.0,0,2,,,0
COC(=O)C(C)N(C(=O)c1ccc(C(=O)c2ccccc2)cc1)c1c(C)cccc1C,1,192.png,0.022017352,0.0,1,2,,,0
CC=C(C)C(=O)OC1CCC2(C)C3CCC4C5(O)CC(O)C6(O)C(CN7CC(C)CCC7C6(C)O)C5(O)CC42OC13O.COc1ccc(C(=O)OC2CCC3(C)C4CCC5C6(O)CC(O)C7(O)C(CN8CC(C)CCC8C7(C)O)C6(O)CC53OC24O)cc1OC,0,193.png,0.44768816,0.0,0,2,,,0
CC(=O)[O-].CC(=O)[O-].[Cu+2].[Cu+2].[Cu+2].[Cu+2].[O-][As]1O[As]([O-])O[As]([O-])O1.[O-][As]1O[As]([O-])O[As]([O-])O1,1,194.png,0.078788266,0.0,1,2,,,0
Cc1cc(C(F)(F)F)nn1CC(=O)N1CCC(c2nc(C3=NOC(c4c(F)cccc4F)C3)cs2)CC1,0,195.png,0.10109359,0.0,0,2,,,0
COc1nc(C)nc(NC(=O)NS(=O)(=O)c2cc(I)ccc2C(=O)O)n1,0,196.png,0.12188734,0.0,0,2,,,0
CCCCCCCCc1c(CC)nc2ncnn2c1N,0,197.png,0.054421086,0.0,0,2,,,0
CNC(=O)c1cc(C#N)cc(C)c1NC(=O)c1cc(Cn2nnc(C(F)(F)F)n2)nn1-c1ncccc1Cl,1,198.png,0.7333177,1.0,1,2,1.0,"2,7663",1
CC(C)(NC(=O)NCc1ccccc1Cl)c1ccccc1,0,199.png,0.8736046000000001,1.0,0,2,1.0,"4,0745",1
Cn1nnnc1C(=NOCc1cccc(NC(=O)OC(C)(C)C)n1)c1ccccc1,0,200.png,0.13112554,0.0,0,2,,,0
[O-]B([O-])[O-].[O-]B([O-])[O-].[Zn+2].[Zn+2].[Zn+2],0,201.png,0.08688073,0.0,0,2,,,0
CC(O)(Cn1cncn1)c1ccc(Oc2ccc(Cl)cc2)cc1C(F)(F)F,0,202.png,0.14349055,0.0,0,2,,,0
O=C(N=c1ccccn1Cc1ccc(Cl)nc1)C(F)(F)F,0,203.png,0.089299396,0.0,0,2,,,0
CC(C)c1ccc(Cl)cc1CN(C(=O)c1c(C(F)F)nn(C)c1F)C1CC1,0,204.png,0.28737290000000004,0.0,0,2,,,0
CC1CC(C)(C)c2c(F)ccc(N=C(O)c3cn(C)nc3C(F)F)c21,0,205.png,0.044711154,0.0,0,2,,,0
CNC.Cc1cc(Cl)ccc1OCC(=O)O,0,206.png,0.09258846,0.0,0,2,,,0
O=S(=O)(c1ccc(Cl)cc1)c1cc(Cl)c(Cl)cc1Cl,1,0.png,0.095034085,0.0,1,3,,,0
[I-].[K+],1,1.png,0.08610147,0.0,1,3,,,0
N#C[S-].[K+],1,2.png,0.08596338,0.0,1,3,,,0
O=S(=O)([O-])[O-].O=S(=O)([O-])[O-].O=S(=O)([O-])[O-].[Fe+3].[Fe+3],0,3.png,0.08699305,0.0,0,3,,,0
ClC1C(Cl)C(Cl)C(Cl)C(Cl)C1Cl,1,4.png,0.9453231,1.0,1,3,1.0,"3,6444",1
[Al]#P,1,5.png,0.08590676,0.0,1,3,,,0
CNC(=O)Oc1cccc2ccccc12,1,6.png,0.96005666,1.0,1,3,1.0,"2,5580",1
C=CCc1ccc(O)c(OC)c1,0,7.png,0.08726374,0.0,0,3,,,0
O=[N+]([O-])C(Cl)(Cl)Cl,0,8.png,0.095986284,0.0,0,3,,,0
CCCCCCCCCCO,0,9.png,0.08447374,0.0,0,3,,,0
COP(=O)(NC(C)=O)SC,1,10.png,0.98273265,1.0,1,3,0.0,"1,2400",0
COP(=S)(OC)Oc1ccc([N+](=O)[O-])cc1,0,11.png,0.98736966,1.0,0,3,0.0,"2,4909",0
CCCCCCCC(=O)O,0,12.png,0.08922924,0.0,0,3,,,0
CCOC(=O)C(O)(c1ccc(Cl)cc1)c1ccc(Cl)cc1,1,13.png,0.7705911,1.0,1,3,1.0,"3,7924",1
CC(=O)O[Hg]c1ccccc1,1,14.png,0.090712726,0.0,1,3,,,0
CCC(CC)Nc1c([N+](=O)[O-])cc(C)c(C)c1[N+](=O)[O-],0,15.png,0.08639855,0.0,0,3,,,0
COc1cc(CNC(=O)CCCCC=CC(C)C)ccc1O,1,16.png,0.0891488,0.0,1,3,,,0
CNC(=O)Oc1ccccc1OC(C)C,1,17.png,0.96600044,1.0,1,3,0.0,"2,1920",0
CC(O)(c1ccc(Cl)cc1)c1ccc(Cl)cc1,0,18.png,0.8920461,1.0,0,3,1.0,"4,2492",1
CCOP(=S)(OCC)SCCl,1,19.png,0.9480791,1.0,1,3,1.0,"3,2134",1
CCCCN(CCCC)SN(C)C(=O)Oc1cccc2c1OC(C)(C)C2,1,20.png,0.9593978,1.0,1,3,1.0,"5,2961",1
C=CC=CCC1=C(C)C(OC(=O)C2C(C=C(C)C)C2(C)C)CC1=O,1,21.png,0.9921368,1.0,1,3,1.0,"4,5582",1
C=C(C)C1Cc2c(ccc3c2OC2COc4cc(OC)c(OC)cc4C2C3=O)O1,1,22.png,0.08745654,0.0,1,3,,,0
CCOP(=S)(OCC)Oc1ccc([N+](=O)[O-])cc1,1,23.png,0.94928706,1.0,1,3,1.0,"3,2711",1
O=[N+]([O-])c1c(Cl)c(Cl)c(Cl)c(Cl)c1Cl,0,24.png,0.08582297,0.0,0,3,,,0
CCCCOCCOCCOCc1cc2c(cc1CCC)OCO2,0,25.png,0.08488943,0.0,0,3,,,0
[S],0,26.png,0.08572745,0.0,0,3,,,0
O=C(O)COc1ccc(Cl)cc1,0,27.png,0.097307205,0.0,0,3,,,0
COC(=O)N(OC)c1ccccc1COc1ccn(-c2ccc(Cl)cc2)n1,0,28.png,0.09480614,0.0,0,3,,,0
CN(C)C(=S)[S-].CN(C)C(=S)[S-].CN(C)C(=S)[S-].[Fe+3],0,29.png,0.9026514,1.0,0,3,0.0,"1,1369",0
Cl[Hg]c1ccccc1,0,30.png,0.089628235,0.0,0,3,,,0
Clc1ccc(C(c2ccccc2Cl)C(Cl)(Cl)Cl)cc1,1,31.png,0.9668908000000002,1.0,1,3,1.0,"6,4955",1
CC(C)OC(=O)Nc1ccccc1,0,32.png,0.09113916,0.0,0,3,,,0
CNC(C)C1CCC(N)C(OC2C(N)CC(N)C(OC3OCC(C)(O)C(NC)C3O)C2O)O1,0,33.png,0.13580516,0.0,0,3,,,0
CC(C)=CC1C(C(=O)OCc2coc(Cc3ccccc3)c2)C1(C)C,1,34.png,0.9921209,1.0,1,3,1.0,"5,1520",1
ClC1=C(Cl)C2(Cl)C3C(Cl)C=CC3C1(Cl)C2(Cl)Cl,1,35.png,0.96534413,1.0,1,3,1.0,"5,2415",1
CCCCOC(=O)COc1cc(Cl)c(Cl)cc1Cl,0,36.png,0.08690993,0.0,0,3,,,0
CN(C)C1C(=O)C(C(N)=O)=C(O)C2(O)C(=O)C3=C(O)c4c(O)cccc4C(C)(O)C3C(O)C12,0,37.png,0.13107318,0.0,0,3,,,0
CCC(C)c1cc([N+](=O)[O-])cc([N+](=O)[O-])c1OC(=O)OC(C)C,0,38.png,0.11416961,0.0,0,3,,,0
CC(C)(C)CC(C)(C)c1ccc(OCCO)cc1,0,39.png,0.32113546,0.0,0,3,,,0
CN(C)C(=S)[S-].CN(C)C(=S)[S-].[Zn+2],0,40.png,0.87463635,1.0,0,3,0.0,"0,7571",0
CC(C)N(C(=O)SCC(Cl)=C(Cl)Cl)C(C)C,0,41.png,0.89386386,1.0,0,3,1.0,"4,8439",1
COP(=S)(OC)Oc1ccc(Sc2ccc(OP(=S)(OC)OC)cc2)cc1,1,42.png,0.98736966,1.0,1,3,1.0,"5,6300",1
COC(=O)C1(O)c2ccccc2-c2ccc(Cl)cc21,0,43.png,0.088009074,0.0,0,3,,,0
CCSCCOP(=S)(OC)OC,1,44.png,0.98209685,1.0,1,3,0.0,"2,2734",0
S=C([S-])NCCNC(=S)[S-].[Na+].[Na+],0,45.png,0.092109494,0.0,0,3,,,0
O=S(=O)([O-])C(F)(F)C(F)(F)C(F)(F)C(F)(F)C(F)(F)C(F)(F)C(F)(F)C(F)(F)F.[Li+],1,46.png,0.9787792,1.0,1,3,0.0,"1,5025",0
CC(Cl)(Cl)C(=O)O,0,47.png,0.08892031,0.0,0,3,,,0
[Ba+2].[S-2],0,48.png,0.085117556,0.0,0,3,,,0
Cn1c(=O)on(-c2ccc(Cl)c(Cl)c2)c1=O,0,49.png,0.08574987,0.0,0,3,,,0
CCCN(CCC)C(=O)SCC,1,50.png,0.5145388,1.0,1,3,1.0,"2,9815",1
Cc1cc(Cl)ccc1OC(C)C(=O)O,0,51.png,0.08766242,0.0,0,3,,,0
CCOP(=S)(OCC)SC(CCl)N1C(=O)c2ccccc2C1=O,1,52.png,0.8761565999999998,1.0,1,3,1.0,"3,8782",1
CCOP(=S)(OCC)SCn1c(=O)oc2cc(Cl)ccc21,1,53.png,0.9493726,1.0,1,3,1.0,"4,2361",1
CCNc1nc(Cl)nc(NC(C)C)n1,0,54.png,0.08674989999999999,0.0,0,3,,,0
C[N+](C)(C)CCCl,0,55.png,0.092295125,0.0,0,3,,,0
O=C(O)c1ccc(Cl)nc1,0,56.png,0.08956513599999999,0.0,0,3,,,0
CCOP(=S)(Oc1ccc([N+](=O)[O-])cc1)c1ccccc1,1,57.png,0.95934314,1.0,1,3,1.0,"3,6451",1
CC(Cl)(Cl)C(=O)[O-].[Na+],0,58.png,0.088360555,0.0,0,3,,,0
CCC(C)n1c(=O)[nH]c(C)c(Br)c1=O,0,59.png,0.08608402,0.0,0,3,,,0
CC1=CC1,1,60.png,0.08579263,0.0,1,3,,,0
COP(=S)(OC)SCSc1ccc(Cl)cc1,1,61.png,0.986726,1.0,1,3,1.0,"4,6401",1
C=C1CC23CC1CCC2C12CCC(O)C(C)(C(=O)O1)C2C3C(=O)O,0,62.png,0.097333506,0.0,0,3,,,0
CNc1nc(NC(C)C)nc(SC)n1,0,63.png,0.08707551,0.0,0,3,,,0
O=S1OCC2C(CO1)C1(Cl)C(Cl)=C(Cl)C2(Cl)C1(Cl)Cl,1,64.png,0.95490026,1.0,1,3,1.0,"3,6898",1
CN(C)C(=O)C(c1ccccc1)c1ccccc1,0,65.png,0.122780144,0.0,0,3,,,0
ClC1(Cl)C2(Cl)C3(Cl)C4(Cl)C(Cl)(Cl)C5(Cl)C3(Cl)C1(Cl)C5(Cl)C24Cl,1,66.png,0.1263757,0.0,1,3,,,0
O=C1C2CC=CCC2C(=O)N1SC(Cl)(Cl)C(Cl)Cl,0,67.png,0.10239228,0.0,0,3,,,0
COC(=O)c1c(Cl)c(Cl)c(C(=O)OC)c(Cl)c1Cl,0,68.png,0.085565664,0.0,0,3,,,0
CCOP(=S)(OCC)Oc1ccc(S(C)=O)cc1,1,69.png,0.94928706,1.0,1,3,1.0,"3,1003",1
CCNc1nc(Cl)nc(NC(C)(C)C)n1,0,70.png,0.33154675,0.0,0,3,,,0
S=C([S-])NCCNC(=S)[S-].S=C([S-])NCCNC(=S)[S-].[Mn+2].[Zn+2],0,71.png,0.09823887,0.0,0,3,,,0
CNC(=O)Oc1cccc2c1OC(C)(C)C2,1,72.png,0.95737344,1.0,1,3,0.0,"2,1183",0
CCCCN(CC)C(=O)SCCC,1,73.png,0.16560818,0.0,1,3,,,0
CON(C)C(=O)Nc1ccc(Br)c(Cl)c1,0,74.png,0.08772191,0.0,0,3,,,0
CNC(=O)Oc1cc(C)cc(C(C)C)c1,1,75.png,0.9680667,1.0,1,3,1.0,"2,8366",1
c1coc(-c2nc3ccccc3[nH]2)c1,0,76.png,0.088663176,0.0,0,3,,,0
CCCCC=CCCCCCCOC(C)=O,0,77.png,0.087712415,0.0,0,3,,,0
O=C1c2ccccc2C(=O)C1C(=O)C(c1ccccc1)c1ccc(Cl)cc1,1,78.png,0.19471896,0.0,1,3,,,0
COC(=O)NC(=S)Nc1ccccc1NC(=S)NC(=O)OC,0,79.png,0.8907503000000001,1.0,0,3,0.0,"1,7922",0
CCS(=O)(=O)CCSP(=O)(OC)OC,1,80.png,0.98428077,1.0,1,3,0.0,"1,5552",0
COC(=O)NS(=O)(=O)c1ccc(N)cc1,0,81.png,0.24669154,0.0,0,3,,,0
CCOC(=O)NC(=S)Nc1ccccc1NC(=S)NC(=O)OCC,0,82.png,0.74871075,1.0,0,3,1.0,"2,5724",1
CCCCC(CC)COC(=O)COc1ccc(Cl)cc1Cl,0,83.png,0.087514535,0.0,0,3,,,0
CNC(=O)N(C)c1nc2ccccc2s1,1,84.png,0.08689833400000001,0.0,1,3,,,0
O=C(Cc1ccc(-c2ccccc2)cc1)OCCF,0,85.png,0.094528615,0.0,0,3,,,0
CC(C)Oc1cc(-n2nc(C(C)(C)C)oc2=O)c(Cl)cc1Cl,0,86.png,0.08865957,0.0,0,3,,,0
COP(=S)(OC)Oc1nc(Cl)c(Cl)cc1Cl,1,87.png,0.9887029,1.0,1,3,1.0,"3,9379",1
O=C([O-])c1ccccc1C(=O)Nc1cccc2ccccc12.[Na+],0,88.png,0.08770014,0.0,0,3,,,0
C=CCOC(Cn1ccnc1)c1ccc(Cl)cc1Cl,0,89.png,0.10137905,0.0,0,3,,,0
O=C(Nc1ccccc1)Nc1ccnc(Cl)c1,0,90.png,0.09001654,0.0,0,3,,,0
C=CC[N+]1(CCC(C)CCCC(C)C)CCCCC1.[Br-],0,91.png,0.085308895,0.0,0,3,,,0
CCSCc1ccccc1OC(=O)NC,1,92.png,0.9676542,1.0,1,3,1.0,"2,6579",1
Cn1cc(-c2ccccc2)c(=O)c(-c2cccc(C(F)(F)F)c2)c1,0,93.png,0.093629524,0.0,0,3,,,0
CC1(C)C(C(=O)OC(C#N)c2cccc(Oc3ccccc3)c2)C1C(Br)C(Br)(Br)Br,1,94.png,0.9910482,1.0,1,3,1.0,"7,4610",1
CCCCCCCCSCCO,0,95.png,0.08397437,0.0,0,3,,,0
CCCN(CCC)c1c([N+](=O)[O-])cc(C(F)(F)F)c(N)c1[N+](=O)[O-],0,96.png,0.08687969,0.0,0,3,,,0
ClC1=C(Cl)C(Cl)(C2(Cl)C(Cl)=C(Cl)C(Cl)=C2Cl)C(Cl)=C1Cl,0,97.png,0.091736816,0.0,0,3,,,0
CC1=CCC2CC(CC3(CCC(C)C(C)O3)O2)OC(=O)C2C=C(C)C(O)C3OCC(=CC=CC(C)C1)C23O,1,98.png,0.9806433,1.0,1,3,1.0,"4,5342",1
CCC1OC2(CCC1C)CC1CC(CC=C(C)CC(C)C=CC=C3COC4C(O)C(C)=CC(C(=O)O1)C34O)O2,1,99.png,0.98064435,1.0,1,3,1.0,"4,9243",1
C1CCC2(CCCCO2)OC1,0,100.png,0.083810195,0.0,0,3,,,0
CC1=C(C)S(=O)(=O)CCS1(=O)=O,0,101.png,0.08571522,0.0,0,3,,,0
CN(C)C1CSSSC1.O=C(O)C(=O)O,0,102.png,0.085142784,0.0,0,3,,,0
NC(=O)OCC(O)C(O)C(N)C(=O)NC(C(=O)O)C1OC(n2cc(C(=O)O)c(=O)[nH]c2=O)C(O)C1O,0,103.png,0.12662832,0.0,0,3,,,0
COP(N)(=S)Oc1ccccc1C(=O)OC(C)C,1,104.png,0.9804924,1.0,1,3,0.0,"2,4602",0
COP(=S)(OC)Oc1c(Cl)cc(C)cc1Cl,0,105.png,0.98801005,1.0,0,3,1.0,"4,1979",1
CNC(=O)ON=C(C)C(C)SC,1,106.png,0.8626577,1.0,1,3,0.0,"1,4698",0
O=C(NC(=O)c1c(F)cccc1F)Nc1cc(Cl)c(F)c(Cl)c1F,0,107.png,0.08623885,0.0,0,3,,,0
Cc1c(F)c(F)c(COC(=O)C2C(C=C(Cl)C(F)(F)F)C2(C)C)c(F)c1F,1,108.png,0.99200857,1.0,1,3,1.0,"5,5518",1
C#CCOC(=O)C(C)Oc1ccc(Oc2ncc(Cl)cc2F)cc1,0,109.png,0.09885967,0.0,0,3,,,0
Cc1c(COC(=O)C2C(C=C(Cl)C(F)(F)F)C2(C)C)cccc1-c1ccccc1,1,110.png,0.99200857,1.0,1,3,1.0,"6,6624",1
Cc1cc(C)nc(NC(=O)NS(=O)(=O)c2ccccc2C(=O)O)n1,0,111.png,0.08771,0.0,0,3,,,0
CCCOP(=S)(OCCC)SCC(=O)N1CCCCC1C,0,112.png,0.94211817,1.0,0,3,1.0,"4,1983",1
NC(N)=NCC(O)CC(O)(C(=O)O)C1OC(n2cc(CO)c(N)nc2=O)C=CC1NC(=O)C(N)CO,0,113.png,0.09327183,0.0,0,3,,,0
N#CC(=NOCC1OCCO1)c1ccccc1,0,114.png,0.09128604,0.0,0,3,,,0
CC(C)C1(C)N=C(c2nc3ccccc3cc2C(=O)O)NC1=O,1,115.png,0.08750096,0.0,1,3,,,0
Clc1ccccc1-c1nnc(-c2ccccc2Cl)nn1,0,116.png,0.08763947,0.0,0,3,,,0
CC(=O)O.CC1CN(C2CCCCCCCCCCC2)CC(C)O1,0,117.png,0.080066666,0.0,0,3,,,0
CC(Oc1ccc(Oc2ncc(C(F)(F)F)cc2Cl)cc1)C(=O)[O-].[Na+],0,118.png,0.10121043,0.0,0,3,,,0
COc1nc(C)nc(NC(=O)NS(=O)(=O)c2ccccc2C(=O)O)n1,0,119.png,0.08777766,0.0,0,3,,,0
CCOc1ccc(NC(=O)OC(C)C)cc1OCC,0,120.png,0.09073441,0.0,0,3,,,0
Cc1ccccc1C(=O)Nc1cccc(OC(C)C)c1,0,121.png,0.08938669,0.0,0,3,,,0
CC1C(c2ccc(Cl)cc2)SC(=O)N1C(=O)NC1CCCCC1,0,122.png,0.13433807,0.0,0,3,,,0
[K+].[K+].[O-]P([O-])O,0,123.png,0.08631505,0.0,0,3,,,0
O=C(O)c1c(Cl)ccc2cc(Cl)cnc12,0,124.png,0.08632565,0.0,0,3,,,0
Cc1ccc(C(=O)O)c(C2=NC(C)(C(C)C)C(=O)N2)c1,0,125.png,0.08848203,0.0,0,3,,,0
CCCSP(=O)(OCC)Oc1cnn(-c2ccc(Cl)cc2)c1,1,126.png,0.9704555,1.0,1,3,1.0,"5,1923",1
CC(C)Oc1cccc(NC(=O)c2ccccc2C(F)(F)F)c1,0,127.png,0.0901289,0.0,0,3,,,0
CCN(Cc1c(F)cccc1Cl)c1c([N+](=O)[O-])cc(C(F)(F)F)cc1[N+](=O)[O-],0,128.png,0.08948927,0.0,0,3,,,0
Cc1c(Cl)cc(-c2ccc(=O)[nH]n2)cc1Cl,0,129.png,0.08639459,0.0,0,3,,,0
CC(C)(C)N(NC(=O)c1ccc(Cl)cc1)C(=O)c1ccccc1,0,130.png,0.09966465,0.0,0,3,,,0
CC(C)(C)c1ccc(CSc2cnn(C(C)(C)C)c(=O)c2Cl)cc1,1,131.png,0.52363086,1.0,1,3,1.0,"5,2415",1
CNC(=O)c1cc(Cl)cc(C)c1NC(=O)c1cc(Br)nn1-c1ncccc1Cl,1,132.png,0.08654582,0.0,1,3,,,0
Cc1c(C(=O)c2c[nH]n(C)c2=O)ccc(S(C)(=O)=O)c1C1=NOCC1,0,133.png,0.086225756,0.0,0,3,,,0
CC(C)OC(=O)C(C)N(C(=O)c1ccccc1)c1ccc(F)c(Cl)c1,0,134.png,0.08965721,0.0,0,3,,,0
COc1cc(OC)nc(NC(=O)NS(=O)(=O)c2ncccc2C(=O)N(C)C)n1,1,135.png,0.087581664,0.0,1,3,,,0
CCOC(=O)CSc1nc(C(C)(C)C)nn1C(=O)N(C)C,0,136.png,0.08892894,0.0,0,3,,,0
Cc1cc(C(F)(C(F)(F)F)C(F)(F)F)ccc1NC(=O)c1cccc(I)c1C(=O)NC(C)(C)CS(C)(=O)=O,0,137.png,0.9693519,1.0,0,3,1.0,"5,6943",1
CCOP(=O)(SC(C)CC)N1CCSC1=O,1,138.png,0.9052001,1.0,1,3,1.0,"3,8315",1
CSC(=O)c1cccc2nnsc12,0,139.png,0.085930094,0.0,0,3,,,0
CCOC(=O)C(Cl)Cc1cc(-n2nc(C)n(C(F)F)c2=O)c(F)cc1Cl,0,140.png,0.09275496,0.0,0,3,,,0
OC(Cc1ccccc1Cl)(Cn1[nH]cnc1=S)C1(Cl)CC1,0,141.png,0.091074,0.0,0,3,,,0
Cc1ccc(N=c2sccn2C)c(C)c1,0,142.png,0.08842991,0.0,0,3,,,0
COc1cc(OC)nc(NC(=O)NS(=O)(=O)c2c(Cl)nc3ccccn23)n1,0,143.png,0.08725003,0.0,0,3,,,0
Cc1cccc(C(=O)O)c1S(=O)(=O)NC(=O)Nc1nc(OCC(F)(F)F)nc(N(C)C)n1,0,144.png,0.08750031,0.0,0,3,,,0
O=[N+]([O-])c1ccc(NS(=O)(=O)c2ccc(Cl)c(C(F)(F)F)c2)c(Cl)c1,0,145.png,0.087687746,0.0,0,3,,,0
OCc1ccc(Cl)nc1,0,146.png,0.10767523,0.0,0,3,,,0
CCN(CC)C(=O)SCc1ccccc1Cl,0,147.png,0.14540863,0.0,0,3,,,0
COc1ccc(C(=CC(=O)N2CCOCC2)c2ccc(F)cc2)cc1OC,0,148.png,0.09569673,0.0,0,3,,,0
CCC1OCC(COc2ccc(Oc3ccccc3)cc2)O1,0,149.png,0.10157565,0.0,0,3,,,0
CC(=NC#N)N(C)Cc1ccc(Cl)nc1,1,150.png,0.9710902,1.0,1,3,0.0,"2,0663",0
CCOC(=O)C1CC(=O)C(=C(O)C2CC2)C(=O)C1,0,151.png,0.0874689,0.0,0,3,,,0
CON=C(C1=NOCCO1)c1ccccc1Oc1ncnc(Oc2ccccc2Cl)c1F,0,152.png,0.091236144,0.0,0,3,,,0
O=C(O)CSc1cc(N=c2sc(=O)n3n2CCCC3)c(F)cc1Cl,0,153.png,0.087109484,0.0,0,3,,,0
CCOC(=O)C(Cl)=Cc1cc(N2C(=O)C3=C(CCCC3)C2=O)ccc1Cl,0,154.png,0.08805214,0.0,0,3,,,0
CCC([O-])=C1C(=O)CC(C(=O)[O-])CC1=O.[Ca+2],0,155.png,0.085946865,0.0,0,3,,,0
CNC(=O)C(=NOC)c1ccccc1Oc1ccccc1,0,156.png,0.09026214,0.0,0,3,,,0
O=C(Nc1nc(OC(F)F)cc(OC(F)F)n1)NS(=O)(=O)c1ccccc1C(=O)O,0,157.png,0.09028377,0.0,0,3,,,0
CCOc1nc(F)cc2nc(S(=O)(=O)Nc3c(Cl)cccc3Cl)nn12,0,158.png,0.08678804,0.0,0,3,,,0
CN1COCN(Cc2cnc(Cl)s2)C1=N[N+](=O)[O-],1,159.png,0.12772731,0.0,1,3,,,0
CCc1cccc(C)c1N(COC(C)C)C(=O)CCl,0,160.png,0.086118065,0.0,0,3,,,0
COCC(C)N(C(=O)CCl)c1c(C)csc1C,0,161.png,0.0850471,0.0,0,3,,,0
O=C(Nc1ccc(F)cc1)c1cccc(Oc2cccc(C(F)(F)F)c2)n1,0,162.png,0.09837663,0.0,0,3,,,0
COc1cc(OC)nc(Oc2cccc(Oc3nc(OC)cc(OC)n3)c2C(=O)ON=C(c2ccccc2)c2ccccc2)n1,0,163.png,0.09152978,0.0,0,3,,,0
CC(Oc1ccc(Oc2ccc(C#N)cc2F)cc1)C(=O)O,0,164.png,0.09595556,0.0,0,3,,,0
CCOc1ccccc1OS(=O)(=O)NC(=O)Nc1nc(OC)cc(OC)n1,0,165.png,0.09254059,0.0,0,3,,,0
N#Cc1cc(Br)c([O-])c(Br)c1.[K+],0,166.png,0.086912915,0.0,0,3,,,0
CCC1(CC2(c3cccc(Cl)c3)CO2)C(=O)c2ccccc2C1=O,0,167.png,0.091616906,0.0,0,3,,,0
COC(=O)c1ccc(I)cc1S(=O)(=O)[N-]C(=O)Nc1nc(C)nc(OC)n1.[Na+],0,168.png,0.087077454,0.0,0,3,,,0
COc1cc(OC)nc(NC(=O)NS(=O)(=O)c2c(-c3nnn(C)n3)cnn2C)n1,0,169.png,0.08691091,0.0,0,3,,,0
CCCC(=O)Oc1c(Br)cc(C#N)cc1Br,0,170.png,0.08776524,0.0,0,3,,,0
CCC(C)(C)C(=O)OC1=C(c2ccc(Cl)cc2Cl)C(=O)OC12CCCCC2,0,171.png,0.093806624,0.0,0,3,,,0
Cc1nc(C(F)(F)F)c(C(=O)Nc2c(Br)cc(OC(F)(F)F)cc2Br)s1,0,172.png,0.095337294,0.0,0,3,,,0
Cc1ccc(C(C)NC(=O)C(NC(=O)OC(C)C)C(C)C)cc1,0,173.png,0.18620637,0.0,0,3,,,0
CCCCc1c(C)[nH]c(N(C)C)nc1=O,0,174.png,0.08689599,0.0,0,3,,,0
[Al+3].[Al+3].[O-][Si]([O-])([O-])O[Si]([O-])([O-])[O-],0,175.png,0.093424425,0.0,0,3,,,0
CC(O)CN(CC(C)O)CC(C)O.Nc1c(Cl)c(Cl)nc(C(=O)O)c1Cl,0,176.png,0.085368775,0.0,0,3,,,0
COC(=O)[N-]S(=O)(=O)c1ccc(N)cc1.[Na+],0,177.png,0.09760789,0.0,0,3,,,0
CCOc1nn(CSP(=S)(OC)OC)c(=O)s1,1,178.png,0.9858881,1.0,1,3,0.0,"1,9115",0
COCCOCCC[Si](C)(O[Si](C)(C)C)O[Si](C)(C)C,0,179.png,0.8267028000000001,1.0,0,3,1.0,"3,8145",1
C[As](=O)([O-])[O-].C[As](=O)([O-])[O-].[Ca+2],0,180.png,0.08773126,0.0,0,3,,,0
Cc1cccc(-n2nnn(C)c2=O)c1COc1ccn(-c2ccc(Cl)cc2)n1,0,181.png,0.09461445,0.0,0,3,,,0
CCc1nn(C)c(C(=O)NCc2ccc(Oc3ccc(C)cc3)cc2)c1Cl,1,182.png,0.13278791,0.0,1,3,,,0
ClOCl.[Cu+2],0,183.png,0.08619839,0.0,0,3,,,0
Cc1nn(C)c(C(OC(=O)C(C)(C)C)=C(C#N)c2ccc(C(C)(C)C)cc2)c1C,0,184.png,0.612232,1.0,0,3,1.0,"5,3156",1
N#Cc1ccc(CC(=NNC(=O)Nc2ccc(OC(F)(F)F)cc2)c2cccc(C(F)(F)F)c2)cc1,1,185.png,0.16687366,0.0,1,3,,,0
O=C(NCc1ncc(C(F)(F)F)cc1Cl)c1c(Cl)cccc1Cl,0,186.png,0.092131704,0.0,0,3,,,0
CCC1CCCC(OC2CCC(N(C)C)C(C)O2)C(C)C(=O)C2=CC3C(C=C(C)C4CC(OC5OC(C)C(OC)C(OC)C5OC)CC43)C2CC(=O)O1.CCC1CCCC(OC2CCC(N(C)C)C(C)O2)C(C)C(=O)C2=CC3C(C=CC4CC(OC5OC(C)C(OC)C(OC)C5OC)CC43)C2CC(=O)O1,1,187.png,0.9338624,1.0,1,3,1.0,"11,3649",1
CCC12OC(C)CC(C)(CC1C)O2,0,188.png,0.08606206599999999,0.0,0,3,,,0
CC(C)CC(C)c1sccc1NC(=O)c1cn(C)nc1C(F)(F)F,0,189.png,0.08707495,0.0,0,3,,,0
CNC(=O)C(=NOC)c1ccccc1CON=C(C)C(=NOC)C(C)=NOC,0,190.png,0.090931565,0.0,0,3,,,0
Oc1cc(Cl)c(Cl)cc1Cl,0,191.png,0.087852105,0.0,0,3,,,0
S=C([S-])S[S-].[Na+].[Na+],0,192.png,0.08715391,0.0,0,3,,,0
CC(C)N(C)S(=O)(=O)NC(=O)c1cc(-n2c(=O)cc(C(F)(F)F)n(C)c2=O)c(F)cc1Cl,0,193.png,0.09080408,0.0,0,3,,,0
Cc1ccc2c(c1)C(Nc1nc(N)nc(C(C)F)n1)C(C)C2,0,194.png,0.08913803,0.0,0,3,,,0
Cn1nc(C(F)(F)F)c(CS(=O)(=O)C2=NOC(C)(C)C2)c1OC(F)F,0,195.png,0.09139363,0.0,0,3,,,0
NCCO.O=C(O)c1nc(Cl)ccc1Cl,0,196.png,0.08644278,0.0,0,3,,,0
CNC.Nc1c(Cl)c(Cl)nc(C(=O)O)c1Cl,0,197.png,0.08608352,0.0,0,3,,,0
Cn1cc(C(=O)Nc2cccc3c2C2CCC3C2=C(Cl)Cl)c(C(F)F)n1,0,198.png,0.1176968,0.0,0,3,,,0
CNC(=O)C(OC)c1ccccc1COc1cc(C)ccc1C,0,199.png,0.101099506,0.0,0,3,,,0
COC(=O)c1nc(-c2ccc(Cl)c(OC)c2F)cc(N)c1Cl,0,200.png,0.08582806,0.0,0,3,,,0
Cc1nn(C)c(F)c1C(=O)Nc1ccccc1C(C)CC(C)C,0,201.png,0.08668511,0.0,0,3,,,0
COc1ccc([N+](=O)[O-])cc1[O-].[Na+],0,202.png,0.086340085,0.0,0,3,,,0
COc1ccc(Cl)c(S(=O)(=O)NC(=O)c2cn3cc(C(F)(F)F)cc(Cl)c3n2)c1,0,203.png,0.09219067,0.0,0,3,,,0
COc1ccnc(C(=O)NC2COC(=O)C(Cc3ccccc3)C(OC(=O)C(C)C)C(C)OC2=O)c1OCOC(=O)C(C)C,0,204.png,0.1338161,0.0,0,3,,,0
COc1c(Cl)ccc(-c2cc(N)c(Cl)c(C(=O)O)n2)c1F,0,205.png,0.08574282400000001,0.0,0,3,,,0
CC1(C)C(C=C(Cl)Cl)C1C(=O)OC(C#N)c1cccc(Oc2ccccc2)c1.Cc1c(COC(=O)C2C(C=C(Cl)C(F)(F)F)C2(C)C)cccc1-c1ccccc1,1,206.png,0.9920236,1.0,1,3,1.0,"12,8404",1
Cc1ccc(C(C)C)cc1,0,0.png,0.666752,1.0,0,4,1.0,"3,1184",1
CC(C)=CCCC(C)=CCO,0,1.png,0.06885777400000001,0.0,0,4,,,0
COP(=S)(OC)SCC(=O)N(C)C=O,1,2.png,0.9671815,1.0,1,4,0.0,"0,8517",0
CCCCN(C)C(=O)Nc1ccc(Cl)c(Cl)c1,0,3.png,0.005080281,0.0,0,4,,,0
O=S(=O)([O-])[O-].[Mn+2],0,4.png,0.0018258909,0.0,0,4,,,0
CC(=O)O.CCCCCCCCCCCCN=C(N)N,0,5.png,0.002443763,0.0,0,4,,,0
COc1c(Cl)ccc(Cl)c1C(=O)O,0,6.png,0.020857522,0.0,0,4,,,0
O=P([O-])([O-])[O-].O=P([O-])([O-])[O-].[Ca+2].[Ca+2].[Ca+2],0,7.png,0.0012673965,0.0,0,4,,,0
CCCCN(CC)c1c([N+](=O)[O-])cc(C(F)(F)F)cc1[N+](=O)[O-],0,8.png,0.004248848,0.0,0,4,,,0
O=C1c2ccccc2C(=O)N1SC(Cl)(Cl)Cl,0,9.png,0.008239581,0.0,0,4,,,0
C=C(C)C1CC=C(C)C(=O)C1,0,10.png,0.042236604,0.0,0,4,,,0
O=CC=Cc1ccccc1,0,11.png,0.9302721,1.0,0,4,0.0,"1,8987",0
CN(C)C(=O)Nc1ccc(Cl)c(Cl)c1,0,12.png,0.0024981394,0.0,0,4,,,0
Cc1ccc(N=CN(C)C=Nc2ccc(C)cc2C)c(C)c1,0,13.png,0.24257419,0.0,0,4,,,0
CC1=CCC(C(C)(C)O)CC1,0,14.png,0.0019560375,0.0,0,4,,,0
CCCCCCCCCCCCCCO,0,15.png,0.0025239955,0.0,0,4,,,0
O=c1ccc(=O)[nH][nH]1,0,16.png,0.015502977,0.0,0,4,,,0
CCOC(=O)CC(SP(=S)(OC)OC)C(=O)OCC,1,17.png,0.9633876,1.0,1,4,0.0,"2,1218",0
C[As](C)(=O)O,0,18.png,0.0018688856,0.0,0,4,,,0
COc1ccc(C(c2ccc(OC)cc2)C(Cl)(Cl)Cl)cc1,1,19.png,0.99488145,1.0,1,4,1.0,"5,2059",1
CCCCCCCCCCCCCN1CC(C)OC(C)C1,0,20.png,0.0033640475,0.0,0,4,,,0
CCOP(=S)(OCC)Oc1cnc2ccccc2n1,1,21.png,0.95756114,1.0,1,4,1.0,"3,3061",1
Oc1cc(O)c2cc(O)c(-c3cc(O)c(O)c(O)c3)[o+]c2c1.[Cl-],0,22.png,0.0046491884,0.0,0,4,,,0
O=[N+]([O-])c1ccc([O-])cc1.[Na+],0,23.png,0.00308913,0.0,0,4,,,0
CCCC[Sn](CCCC)(CCCC)O[Sn](CCCC)(CCCC)CCCC,1,24.png,0.0014369251000000002,0.0,1,4,,,0
COC(=O)Nc1cccc(OC(=O)Nc2cccc(C)c2)c1,0,25.png,0.0056196046,0.0,0,4,,,0
CN(C)C(=S)SSC(=S)N(C)C,0,26.png,0.7634174,1.0,0,4,0.0,"2,0608",0
CC1=CCC2CC1C2(C)C,0,27.png,0.0042433417,0.0,0,4,,,0
CCC(C)N,0,28.png,0.15554504,0.0,0,4,,,0
Cc1cc([N+](=O)[O-])cc([N+](=O)[O-])c1O,0,29.png,0.0023666283,0.0,0,4,,,0
C[n+]1ccc(-c2cc[n+](C)cc2)cc1.[Cl-].[Cl-],0,30.png,0.0913652,0.0,0,4,,,0
CC1=CCC2C(C1)C2(C)C,0,31.png,0.34600204,0.0,0,4,,,0
O=[As]([O-])([O-])O.[Pb+2],1,32.png,0.9904998,1.0,1,4,0.0,"-3,8154",0
C=CC=CCC1=C(C)C(OC(=O)C2C(C=C(C)C(=O)OC)C2(C)C)CC1=O,1,33.png,0.9956902,1.0,1,4,1.0,"3,7113",1
CCOP(=S)(OCC)SCSC(C)(C)C,1,34.png,0.9360302,1.0,1,4,1.0,"4,5063",1
O.O.O=[Al]O[Si](=O)O[Si](=O)O[Al]=O,0,35.png,0.9480575,1.0,0,4,0.0,"-3,8530",0
C#CCOS(=O)OC1CCCCC1Oc1ccc(C(C)(C)C)cc1,0,36.png,0.002609017,0.0,0,4,,,0
CCCC1COC(Cn2cncn2)(c2ccc(Cl)cc2Cl)O1,0,37.png,0.010940777,0.0,0,4,,,0
CCCCSP(=O)(SCCCC)SCCCC,0,38.png,0.9542505,1.0,0,4,1.0,"6,6944",1
O=C([O-])Cc1cccc2ccccc12.[Na+],0,39.png,0.0012123834,0.0,0,4,,,0
C=CCC1=C(C)C(OC(=O)C2C(C=C(C)C)C2(C)C)CC1=O,1,40.png,0.9961351,1.0,1,4,1.0,"4,0020",1
CC1(C)C(C=C(Cl)Cl)C1C(=O)OCc1cccc(Oc2ccccc2)c1,1,41.png,0.9960759,1.0,1,4,1.0,"6,1133",1
CCOP(=O)=O,0,42.png,0.82593614,1.0,0,4,0.0,"1,1108",0
CC(C)C1(C)N=C(c2ncccc2C(=O)O)NC1=O,0,43.png,0.1604661,0.0,0,4,,,0
CC=CC(=O)Oc1c(C(C)CCCCCC)cc([N+](=O)[O-])cc1[N+](=O)[O-],1,44.png,0.002892939,0.0,1,4,,,0
CCCOP(=S)(OCCC)OP(=S)(OCCC)OCCC,0,45.png,0.9547003,1.0,0,4,1.0,"5,1584",1
Clc1ccc(CSc2ccc(Cl)cc2)cc1,0,46.png,0.08568089,0.0,0,4,,,0
Nc1ncn[nH]1,0,47.png,0.1626278,0.0,0,4,,,0
COP(=S)(OC)SCn1nnc2ccccc2c1=O,1,48.png,0.96617,1.0,1,4,0.0,"1,9995",0
CN(C)P(=O)(F)N(C)C,1,49.png,0.9907311,1.0,1,4,0.0,"1,1872",0
NC1(C(=O)O)CC1,0,50.png,0.0013714462,0.0,0,4,,,0
CCN(CC)C(=O)C(Cl)=C(C)OP(=O)(OC)OC,1,51.png,0.9676016,1.0,1,4,1.0,"2,7426",1
COc1nc(NC(C)C)nc(NC(C)C)n1,0,52.png,0.006882623,0.0,0,4,,,0
C[n+]1ccc(-c2cc[n+](C)cc2)cc1,1,53.png,0.090765834,0.0,1,4,,,0
Cc1cc(Cl)ccc1OCCCC(=O)O,0,54.png,0.0014187113,0.0,0,4,,,0
CC(C)=CCCC(C)=CCCC(C)=CCO,0,55.png,0.07563914,0.0,0,4,,,0
Cc1cc(OC(=O)N(C)C)nn1C(=O)N(C)C,1,56.png,0.99042493,1.0,1,4,0.0,"0,7816",0
c1ccc2[nH]c(-c3cscn3)nc2c1,1,57.png,0.012527866,0.0,1,4,,,0
c1ccc(CNc2ncnc3nc[nH]c23)cc1,0,58.png,0.03499235,0.0,0,4,,,0
CCNc1nc(Cl)nc(N(CC)CC)n1,0,59.png,0.013818237,0.0,0,4,,,0
COP(=S)(OC)SCc1nc(N)nc(N)n1,1,60.png,0.9663657,1.0,1,4,0.0,"0,7865",0
CCOP(=S)(OCC)Oc1cnccn1,1,61.png,0.95799553,1.0,1,4,0.0,"2,1529",0
CC(C)(C[Sn](CC(C)(C)c1ccccc1)(CC(C)(C)c1ccccc1)O[Sn](CC(C)(C)c1ccccc1)(CC(C)(C)c1ccccc1)CC(C)(C)c1ccccc1)c1ccccc1,0,62.png,0.0011703952,0.0,0,4,,,0
CCCCc1c(C)nc(NCC)nc1OS(=O)(=O)N(C)C,0,63.png,0.0023696858,0.0,0,4,,,0
CNC(=O)Oc1ccc(N(C)C)c(C)c1,1,64.png,0.98630697,1.0,1,4,0.0,"1,7792",0
S=C([S-])NCCNC(=S)S.S=C([S-])NCCNC(=S)S.[NH2-].[Zn],0,65.png,0.025788028,0.0,0,4,,,0
S=c1sc2nc3ccccc3nc2s1,0,66.png,0.88063276,1.0,0,4,1.0,"3,6355",1
S=C([S-])NCCNC(=S)[S-].[Mn+2],0,67.png,0.020077968,0.0,0,4,,,0
S=C([S-])NCCNC(=S)[S-].[Zn+2],1,68.png,0.020057801,0.0,1,4,,,0
CNC(=O)Oc1cc(C)cc(C)c1,1,69.png,0.97277945,1.0,1,4,0.0,"2,0216",0
CCOP(=O)(OCC)OC(=CCl)c1ccc(Cl)cc1Cl,1,70.png,0.88166493,1.0,1,4,1.0,"5,7283",1
CC(C)OC(=O)C(O)(c1ccc(Br)cc1)c1ccc(Br)cc1,0,71.png,0.043926083,0.0,0,4,,,0
CCOP(=S)(OCC)Oc1nc(Cl)c(Cl)cc1Cl,1,72.png,0.95164555,1.0,1,4,1.0,"4,7181",1
COP(=O)(OC)OC(C)=CC(=O)OC(C)c1ccccc1,1,73.png,0.9690223,1.0,1,4,1.0,"3,6121",1
CNC(=O)CSP(=O)(OC)OC,1,74.png,0.9705326,1.0,1,4,0.0,"0,8665",0
CC(C=CC1(O)C(C)=CC(=O)CC1(C)C)=CC(=O)O,0,75.png,0.59183353,1.0,0,4,0.0,"2,2499",0
CN(C)S(=O)(=O)N(SC(F)(Cl)Cl)c1ccccc1,0,76.png,0.0015661385,0.0,0,4,,,0
Cc1cc(Cl)ccc1N=CN(C)C,0,77.png,0.006279135999999999,0.0,0,4,,,0
CCn1cc(C(=O)O)c(=O)c2cc3c(cc21)OCO3,0,78.png,0.0042512140000000006,0.0,0,4,,,0
CNC(=O)Oc1cccc(N=CN(C)C)c1,1,79.png,0.98630697,1.0,1,4,0.0,"1,6262",0
O.O=S(=O)([O-])[O-].[Fe+2],0,80.png,0.0018258909,0.0,0,4,,,0
Clc1cc(Cl)nc(-c2ccccc2)n1,0,81.png,0.017934572,0.0,0,4,,,0
N#Cc1cc(Br)c(O)c(Br)c1,1,82.png,0.07661508,0.0,1,4,,,0
CCOP(=S)(OCC)ON=C(C#N)c1ccccc1,1,83.png,0.9214066,1.0,1,4,1.0,"3,2284",1
CSc1nnc(C(C)(C)C)c(=O)n1N,0,84.png,0.018438108,0.0,0,4,,,0
Nc1c(Cl)c(Cl)nc(C(=O)[O-])c1Cl.[K+],0,85.png,0.0073165074,0.0,0,4,,,0
COP(=O)(OC)SCCSC.COP(=S)(OC)OCCSC,1,86.png,0.97248155,1.0,1,4,1.0,"4,3668",1
CP(=O)(O)CCC(N)C(=O)O,0,87.png,0.0011126365,0.0,0,4,,,0
CP(=O)(O)CCC(N)C(=O)[O-].[NH4+],0,88.png,0.0011126428,0.0,0,4,,,0
CCN(CC)c1nc(C)cc(OP(=S)(OC)OC)n1,1,89.png,0.96206903,1.0,1,4,1.0,"2,5273",1
CCCC=CCCCCCCCO,1,90.png,0.0039557368,0.0,1,4,,,0
CC(C)=NOC(=O)Nc1ccccc1,0,91.png,0.014055225,0.0,0,4,,,0
CC=CC=CCCCCCCCO,0,92.png,0.93387204,1.0,0,4,1.0,"3,4516",1
CCNc1nc(NC(C)(C)C)nc(OC)n1,0,93.png,0.7613435000000001,1.0,0,4,0.0,"1,5224",0
CC(CNC(=S)[S-])NC(=S)[S-].[Zn+2],0,94.png,0.32980323,0.0,0,4,,,0
NC(N)=NCCCCCCCCNCCCCCCCCN=C(N)N,0,95.png,0.002846465,0.0,0,4,,,0
CC1(C)C(C(=O)OC(C#N)c2cccc(Oc3ccccc3)c2)C1(C)C,1,96.png,0.0026613416,0.0,1,4,,,0
CC(C)C(C(=O)OC(C#N)c1cccc(Oc2ccccc2)c1)c1ccc(Cl)cc1,1,97.png,0.7984262,1.0,1,4,1.0,"6,6800",1
CCOCn1c(-c2ccc(Cl)cc2)c(C#N)c(Br)c1C(F)(F)F,1,98.png,0.29730105,0.0,1,4,,,0
C=CC1(C)OC(=O)N(c2cc(Cl)cc(Cl)c2)C1=O,0,99.png,0.008397811,0.0,0,4,,,0
CC(C)c1ccc(NC(=O)N(C)C)cc1,0,100.png,0.6488626999999999,1.0,0,4,1.0,"2,9035",1
CC(=O)Nc1cc(NS(=O)(=O)C(F)(F)F)c(C)cc1C,0,101.png,0.0022803326,0.0,0,4,,,0
CC(C)(C)C(O)C(Oc1ccc(Cl)cc1)n1cncn1,0,102.png,0.18203466,0.0,0,4,,,0
O=C(NC(=O)c1ccccc1Cl)Nc1ccc(OC(F)(F)F)cc1,0,103.png,0.97055924,1.0,0,4,1.0,"4,2005",1
CC(C)C(C(=O)OC(C#N)c1cccc(Oc2ccccc2)c1)c1ccc(OC(F)F)cc1,1,104.png,0.7984262,1.0,1,4,1.0,"6,6280",1
CCOc1cc(OP(=S)(OC)OC)nc(CC)n1,1,105.png,0.96206903,1.0,1,4,0.0,"2,3338",0
CN(C)C(CSC(N)=O)CSC(N)=O.Cl,1,106.png,0.8210314000000001,1.0,1,4,0.0,"0,9622",0
CC(Oc1ccc(Oc2ccc(Cl)cc2Cl)cc1)C(=O)O,0,107.png,0.0016704567,0.0,0,4,,,0
CCCCCCCC(=O)Oc1c(I)cc(C#N)cc1I,1,108.png,0.9580142,1.0,1,4,1.0,"5,0334",1
COP(=O)(OC)SCn1c(=O)oc2cc(Cl)cnc21,1,109.png,0.9692546,1.0,1,4,1.0,"2,7345",1
CCOC(=O)C1(C)OC(=O)N(c2cc(Cl)cc(Cl)c2)C1=O,0,110.png,0.008277323,0.0,0,4,,,0
Cc1cc(C)c(C2=C(OC(=O)CC(C)(C)C)C3(CCCC3)OC2=O)c(C)c1,0,111.png,0.0014029545,0.0,0,4,,,0
CC1(C)CN=C(NN=C(C=Cc2ccc(C(F)(F)F)cc2)C=Cc2ccc(C(F)(F)F)cc2)NC1,0,112.png,0.513442,1.0,0,4,1.0,"6,3818",1
CCCCC=CCCCCO,0,113.png,0.0037689183,0.0,0,4,,,0
CC(Oc1ccc(Oc2ncc(C(F)(F)F)cc2Cl)cc1)C(=O)O,0,114.png,0.001672344,0.0,0,4,,,0
[O-][n+]1nc(-n2ccnc2)nc2ccc(Cl)cc21,0,115.png,0.008888792,0.0,0,4,,,0
Nc1c(Cl)c(F)nc(OCC(=O)O)c1Cl,0,116.png,0.0015901083,0.0,0,4,,,0
Cc1cccc(C)c1N(Cn1cccn1)C(=O)CCl,0,117.png,0.08319773,0.0,0,4,,,0
CC(C)(C)C(O)C(=Cc1ccc(Cl)cc1Cl)n1cncn1,0,118.png,0.060425848,0.0,0,4,,,0
CC(Cc1ccc(C(C)(C)C)cc1)CN1CC(C)OC(C)C1,0,119.png,0.8128908,1.0,0,4,1.0,"4,2719",1
CN(C)C(CSS(=O)(=O)c1ccccc1)CSS(=O)(=O)c1ccccc1,0,120.png,0.13555741,0.0,0,4,,,0
CCOP(=O)=O.CCOP(=O)=O.CCOP(=O)=O.[Al+3],0,121.png,0.82593614,1.0,0,4,1.0,"2,9516",1
CC(C)(C)C(O)C(=Cc1ccc(Cl)cc1)n1cncn1,0,122.png,0.060425848,0.0,0,4,,,0
CC(C)c1cc(Oc2ccccc2)cc(C(C)C)c1NC(=S)NC(C)(C)C,1,123.png,0.11645357,0.0,1,4,,,0
CCOC(=O)C(C)Oc1ccc(Oc2nc3ccc(Cl)cc3o2)cc1,0,124.png,0.006759571999999999,0.0,0,4,,,0
CSC(=O)c1c(C(F)F)nc(C(F)(F)F)c(C(=O)SC)c1CC(C)C,0,125.png,0.064612195,0.0,0,4,,,0
CCOc1ccc([Si](C)(C)CCCc2ccc(F)c(Oc3ccccc3)c2)cc1,1,126.png,0.013717862,0.0,1,4,,,0
CC(C)(COCc1cccc(Oc2ccccc2)c1)c1ccc(OC(F)(F)Br)cc1,1,127.png,0.8521533000000001,1.0,1,4,1.0,"7,2973",1
Fc1ccc(Oc2ccnc3cc(Cl)cc(Cl)c23)cc1,0,128.png,0.008414214,0.0,0,4,,,0
COC(=O)CSc1cc(N=c2sc(=O)n3n2CCCC3)c(F)cc1Cl,0,129.png,0.0021628458,0.0,0,4,,,0
Cc1cc(C)nc(Nc2ccccc2)n1,0,130.png,0.0033277005,0.0,0,4,,,0
Cc1c(Br)c2ccc(F)cc2n1S(=O)(=O)c1ncn(S(=O)(=O)N(C)C)n1,0,131.png,0.0095932195,0.0,0,4,,,0
CCC(C)N(C(=O)SCc1ccccc1)C(C)CC,0,132.png,0.07205102599999999,0.0,0,4,,,0
CCC(C)(NC(=O)c1cc(Cl)c(C)c(Cl)c1)C(=O)CCl,0,133.png,0.0076311613,0.0,0,4,,,0
COc1cc(Cl)nc(NC(=O)NS(=O)(=O)c2ccccc2C(=O)O)n1,0,134.png,0.00839177,0.0,0,4,,,0
O=C(NC(=O)c1c(F)cccc1F)Nc1ccc(CON=C(c2ccc(Cl)cc2)C2CC2)cc1,0,135.png,0.321398,0.0,0,4,,,0
Cc1ccn2nc(S(=O)(=O)Nc3c(F)cccc3F)nc2n1,0,136.png,0.00838737,0.0,0,4,,,0
O=S(=O)([O-])[O-].O=S(=O)([O-])[O-].[Al+3].[NH4+],0,137.png,0.0018258909,0.0,0,4,,,0
CC[NH+](CC)CCOCc1ccc(C)cc1.[Cl-],0,138.png,0.0030428611,0.0,0,4,,,0
N#CC(CCc1ccc(Cl)cc1)(Cn1cncn1)c1ccccc1,1,139.png,0.0070703207,0.0,1,4,,,0
COc1nc(C)nc(NC(=O)NS(=O)(=O)c2ccsc2C(=O)O)n1,1,140.png,0.16683570000000006,0.0,1,4,,,0
COc1ncc(F)c2nc(S(=O)(=O)Nc3c(F)cccc3F)nn12,0,141.png,0.005571584,0.0,0,4,,,0
CON=C(C(=O)OC)c1ccccc1CON=C(C)c1cccc(C(F)(F)F)c1,0,142.png,0.010135879,0.0,0,4,,,0
CC(C)N(C(=O)COc1nnc(C(F)(F)F)s1)c1ccc(F)cc1,0,143.png,0.03990129,0.0,0,4,,,0
CON=C(C(=O)OC)c1ccccc1COc1ccccc1C,0,144.png,0.010482384,0.0,0,4,,,0
COP(=S)(OC)SCC(=O)N(c1ccc(Cl)cc1)C(C)C,1,145.png,0.9671815,1.0,1,4,1.0,"4,3319",1
O=C(O)c1nc(C(Cl)(Cl)Cl)n(-c2ccc(Cl)cc2Cl)n1,0,146.png,0.016608562,0.0,0,4,,,0
CCCN(CCC)C(=O)SCc1ccccc1,0,147.png,0.97210944,1.0,0,4,1.0,"4,1618",1
CCc1c(C(=O)O)c(=O)cnn1-c1ccc(Cl)cc1,0,148.png,0.019283513,0.0,0,4,,,0
CC(C)N(Cc1ccccc1)C(=O)C(C)(C)C,0,149.png,0.4814655,0.0,0,4,,,0
CC1=NNC(=O)N(N=Cc2cccnc2)C1,0,150.png,0.002928702,0.0,0,4,,,0
COc1nc(C)nc(N(C)C(=O)NS(=O)(=O)c2ccccc2C(=O)O)n1,1,151.png,0.9601742,1.0,1,4,0.0,"0,4215",0
COC=C(C(=O)OC)c1ccccc1Oc1cc(Oc2ccccc2C#N)ncn1,0,152.png,0.16598639,0.0,0,4,,,0
COc1cc(OC)nc(Sc2cccc(Cl)c2C(=O)[O-])n1.[Na+],0,153.png,0.0035512566,0.0,0,4,,,0
CCOCCc1ccc(OCCNc2ncnc(CC)c2Cl)c(C)c1C,1,154.png,0.0037202747,0.0,1,4,,,0
COc1nc(C)nc(NC(=O)NS(=O)(=O)c2ccccc2CCC(F)(F)F)n1,0,155.png,0.059533704000000014,0.0,0,4,,,0
CCOP(=S)(OCC)Oc1cnc(C(C)(C)C)nc1,1,156.png,0.9583977,1.0,1,4,1.0,"3,4504",1
CC1(c2ccc(Oc3ccccc3)cc2)OC(=O)N(Nc2ccccc2)C1=O,1,157.png,0.006115129699999999,0.0,1,4,,,0
CCN(Cc1ccc(Cl)nc1)C(=C[N+](=O)[O-])NC,1,158.png,0.0029155617,0.0,1,4,,,0
NC(=O)c1nc(-c2ccccc2)n(-c2ccc(Cl)c(COCC(F)(F)C(F)(F)F)c2)n1,0,159.png,0.9788928,1.0,0,4,1.0,"4,4008",1
CC(C)OC(=O)NC(C(=O)NC(C)c1nc2ccc(F)cc2s1)C(C)C,0,160.png,0.0027255437,0.0,0,4,,,0
C#CCOc1cc(-n2nc3n(c2=O)CCCC3)c(Cl)cc1Cl,0,161.png,0.004222656599999999,0.0,0,4,,,0
CC1(C(=O)Nc2ccc(O)c(Cl)c2Cl)CCCCC1,0,162.png,0.0016170654,0.0,0,4,,,0
CCc1cc(C)cc(CC)c1-c1c(OC(=O)C(C)(C)C)n2n(c1=O)CCOCC2,0,163.png,0.026139185,0.0,0,4,,,0
CC(C)=C1OC(=O)N(c2cc(OC3CCCC3)c(Cl)cc2F)C1=O,0,164.png,0.004519748499999999,0.0,0,4,,,0
COc1nn(C([O-])=NS(=O)(=O)c2ccccc2OC(F)(F)F)c(=O)n1C.[Na+],0,165.png,0.007973565,0.0,0,4,,,0
Cc1ccc(-c2c(Cl)nc(C#N)n2S(=O)(=O)N(C)C)cc1,0,166.png,0.0017883654,0.0,0,4,,,0
Cc1nn(-c2cc(CC(Cl)C(=O)O)c(Cl)cc2F)c(=O)n1C(F)F,0,167.png,0.0025071925,0.0,0,4,,,0
COc1cnc(OC)n2nc(NS(=O)(=O)c3c(OCC(F)F)cccc3C(F)(F)F)nc12,0,168.png,0.0053500747,0.0,0,4,,,0
COc1cc(OC)nc(NC(=O)NS(=O)(=O)c2cc(NC=O)ccc2C(=O)N(C)C)n1,0,169.png,0.9409688,1.0,0,4,0.0,"0,2743",0
CS(=O)(=O)c1ccc(C(=O)C2C(=O)CCCC2=O)c([N+](=O)[O-])c1,1,170.png,0.0019673014,0.0,1,4,,,0
FC(F)(F)c1ccc(OCCCOc2c(Cl)cc(OCC=C(Cl)Cl)cc2Cl)nc1,0,171.png,0.007672111,0.0,0,4,,,0
N#CN=C1SCCN1Cc1ccc(Cl)nc1,0,172.png,0.97620285,1.0,0,4,0.0,"2,1209",0
CC#CCOC(C)c1ccc(OC)c(OC)c1,0,173.png,0.008327441,0.0,0,4,,,0
CC1(C)C(C=C(Cl)Cl)C1C(=O)OCc1c(F)c(F)cc(F)c1F,1,174.png,0.9960759,1.0,1,4,1.0,"4,8774",1
CN=C(NCc1cnc(Cl)s1)N[N+](=O)[O-],1,175.png,0.980988,1.0,1,4,0.0,"0,6532",0
CCN(C(=O)n1nnn(-c2ccccc2Cl)c1=O)C1CCCCC1,0,176.png,0.41481477,0.0,0,4,,,0
CC(NC(=O)C(NC(=O)O)C(C)C)c1nc2ccc(F)cc2s1,0,177.png,0.00608988,0.0,0,4,,,0
COc1cc(OC)nc(NC(=O)NS(=O)(=O)c2cc(CNS(C)(=O)=O)ccc2C(=O)O)n1,1,178.png,0.0012678854,0.0,1,4,,,0
O=C(Nc1ccccc1-c1ccc(Cl)cc1)c1cccnc1Cl,0,179.png,0.04208846,0.0,0,4,,,0
CCCCCCCC(=O)OC1(C2(CO)OC(CO)C(O)C2O)OC(CO)C(O)C(O)C1O,0,180.png,0.0017494104999999998,0.0,0,4,,,0
CCN(CC)CC.Nc1c(Cl)c(Cl)nc(C(=O)O)c1Cl,0,181.png,0.02341186,0.0,0,4,,,0
Cc1ccsc1C1=NOC(C)(COCc2c(F)cccc2F)C1,0,182.png,0.001520292,0.0,0,4,,,0
C=CCONC(CCC)=C1C(=O)CC(C)(C)C(C(=O)OC)C1=O,0,183.png,0.0029721404,0.0,0,4,,,0
C=CC[N+]1(CCC(C)CCCC(C)C)CCCCC1,0,184.png,0.0024101324,0.0,0,4,,,0
CON=C(Cc1cccnc1)c1ccc(Cl)cc1Cl,0,185.png,0.007153131,0.0,0,4,,,0
CC1(C)C(C=C(Cl)Cl)C1C(=O)OC(C#N)c1ccc(F)c(Oc2ccccc2)c1.O=[N+]([O-])NC1=NCCN1Cc1ccc(Cl)nc1,1,186.png,0.9958385,1.0,1,4,1.0,"7,0050",1
CCC(CC)c1cccc(OC(=O)NC)c1.CCCC(C)c1cccc(OC(=O)NC)c1,1,187.png,0.98630697,1.0,1,4,1.0,"6,6168",1
CCSC(=O)COc1ccc(Cl)cc1C,0,188.png,0.0033981898,0.0,0,4,,,0
CNC(=O)C(=NOC)c1ccccc1COc1cc(C)ccc1C,0,189.png,0.011084996,0.0,0,4,,,0
CCS(=O)(=O)c1nnc(N(C)C(=O)NC)s1,0,190.png,0.0033773282000000003,0.0,0,4,,,0
CCCCCCCC(=O)OC.CCCCCCCCCC(=O)OC,0,191.png,0.0017108332999999998,0.0,0,4,,,0
Cc1cnc(C2=NC(C)(C(C)C)C(=O)N2)c(C(=O)[O-])c1.[NH4+],0,192.png,0.008572632,0.0,0,4,,,0
COC=C(C(=O)OC)c1ccccc1COc1cccc(C(F)(F)F)n1,0,193.png,0.77052575,1.0,0,4,1.0,"3,8397",1
CC(c1ccc(C(F)(F)F)nc1)S(C)(=O)=NC#N,1,194.png,0.95762855,1.0,1,4,1.0,"2,7403",1
CCCCC(CC)COC(=O)COc1ccc(Cl)cc1C,0,195.png,0.0016523164000000002,0.0,0,4,,,0
C#CCN1C(=O)C(F)(F)Oc2cc(F)c(-n3c(=O)n(C)c(=S)n(C)c3=O)cc21,0,196.png,0.0023808517,0.0,0,4,,,0
Cn1cc(C(=O)Nc2ccc(F)cc2-c2ccc(Cl)c(Cl)c2)c(C(F)F)n1,0,197.png,0.005792443,0.0,0,4,,,0
CCCN(CCOc1c(Cl)cc(Cl)cc1Cl)C(=O)n1ccnc1.CCCN(CCOc1c(Cl)cc(Cl)cc1Cl)C(=O)n1ccnc1.CCCN(CCOc1c(Cl)cc(Cl)cc1Cl)C(=O)n1ccnc1.CCCN(CCOc1c(Cl)cc(Cl)cc1Cl)C(=O)n1ccnc1.Cl[Mn]Cl,0,198.png,0.006036465,0.0,0,4,,,0
COCc1cccc(C(O)c2nc(OC)cc(OC)n2)c1NS(=O)(=O)C(F)F,0,199.png,0.0012816235,0.0,0,4,,,0
C=CCSC(=O)n1c(N)c(-c2ccccc2C)c(=O)n1C(C)C,0,200.png,0.02029131,0.0,0,4,,,0
CCn1ncc(C(=O)c2ccc(S(C)(=O)=O)c(OCCOC)c2C)c1OC(C)OC(=O)OC,0,201.png,0.0013110408,0.0,0,4,,,0
COc1nn(C(=O)NS(=O)(=O)c2c(C(=O)O)csc2C)c(=O)n1C,0,202.png,0.0023291183,0.0,0,4,,,0
O=CC(O)C(O)C(O)C(O)CO,0,203.png,0.0063139936,0.0,0,4,,,0
CC1(C)C(C=C(Cl)C(F)(F)F)C1C(=O)OC(C#N)c1cccc(Oc2ccccc2)c1.CNC(=O)c1cc(Cl)cc(C)c1NC(=O)c1cc(Br)nn1-c1ncccc1Cl,1,204.png,0.9949786,1.0,1,4,1.0,"10,8009",1
N.O=C(O)CNCP(=O)(O)O,0,205.png,0.001198085,0.0,0,4,,,0
